"","Province/State","Country/Region","date","CumConfirmed","CumDeaths","CumRecovered"
"1","Andaman and Nicobar Islands","India",2020-01-22,0,0,0
"2","Andaman and Nicobar Islands","India",2020-01-23,0,0,0
"3","Andaman and Nicobar Islands","India",2020-01-24,0,0,0
"4","Andaman and Nicobar Islands","India",2020-01-25,0,0,0
"5","Andaman and Nicobar Islands","India",2020-01-26,0,0,0
"6","Andaman and Nicobar Islands","India",2020-01-27,0,0,0
"7","Andaman and Nicobar Islands","India",2020-01-28,0,0,0
"8","Andaman and Nicobar Islands","India",2020-01-29,0,0,0
"9","Andaman and Nicobar Islands","India",2020-01-30,0,0,0
"10","Andaman and Nicobar Islands","India",2020-01-31,0,0,0
"11","Andaman and Nicobar Islands","India",2020-02-01,0,0,0
"12","Andaman and Nicobar Islands","India",2020-02-02,0,0,0
"13","Andaman and Nicobar Islands","India",2020-02-03,0,0,0
"14","Andaman and Nicobar Islands","India",2020-02-04,0,0,0
"15","Andaman and Nicobar Islands","India",2020-02-05,0,0,0
"16","Andaman and Nicobar Islands","India",2020-02-06,0,0,0
"17","Andaman and Nicobar Islands","India",2020-02-07,0,0,0
"18","Andaman and Nicobar Islands","India",2020-02-08,0,0,0
"19","Andaman and Nicobar Islands","India",2020-02-09,0,0,0
"20","Andaman and Nicobar Islands","India",2020-02-10,0,0,0
"21","Andaman and Nicobar Islands","India",2020-02-11,0,0,0
"22","Andaman and Nicobar Islands","India",2020-02-12,0,0,0
"23","Andaman and Nicobar Islands","India",2020-02-13,0,0,0
"24","Andaman and Nicobar Islands","India",2020-02-14,0,0,0
"25","Andaman and Nicobar Islands","India",2020-02-15,0,0,0
"26","Andaman and Nicobar Islands","India",2020-02-16,0,0,0
"27","Andaman and Nicobar Islands","India",2020-02-17,0,0,0
"28","Andaman and Nicobar Islands","India",2020-02-18,0,0,0
"29","Andaman and Nicobar Islands","India",2020-02-19,0,0,0
"30","Andaman and Nicobar Islands","India",2020-02-20,0,0,0
"31","Andaman and Nicobar Islands","India",2020-02-21,0,0,0
"32","Andaman and Nicobar Islands","India",2020-02-22,0,0,0
"33","Andaman and Nicobar Islands","India",2020-02-23,0,0,0
"34","Andaman and Nicobar Islands","India",2020-02-24,0,0,0
"35","Andaman and Nicobar Islands","India",2020-02-25,0,0,0
"36","Andaman and Nicobar Islands","India",2020-02-26,0,0,0
"37","Andaman and Nicobar Islands","India",2020-02-27,0,0,0
"38","Andaman and Nicobar Islands","India",2020-02-28,0,0,0
"39","Andaman and Nicobar Islands","India",2020-02-29,0,0,0
"40","Andaman and Nicobar Islands","India",2020-03-01,0,0,0
"41","Andaman and Nicobar Islands","India",2020-03-02,0,0,0
"42","Andaman and Nicobar Islands","India",2020-03-03,0,0,0
"43","Andaman and Nicobar Islands","India",2020-03-04,0,0,0
"44","Andaman and Nicobar Islands","India",2020-03-05,0,0,0
"45","Andaman and Nicobar Islands","India",2020-03-06,0,0,0
"46","Andaman and Nicobar Islands","India",2020-03-07,0,0,0
"47","Andaman and Nicobar Islands","India",2020-03-08,0,0,0
"48","Andaman and Nicobar Islands","India",2020-03-09,0,0,0
"49","Andaman and Nicobar Islands","India",2020-03-10,0,0,0
"50","Andaman and Nicobar Islands","India",2020-03-11,0,0,0
"51","Andaman and Nicobar Islands","India",2020-03-12,0,0,0
"52","Andaman and Nicobar Islands","India",2020-03-13,0,0,0
"53","Andaman and Nicobar Islands","India",2020-03-14,0,0,0
"54","Andaman and Nicobar Islands","India",2020-03-15,0,0,0
"55","Andaman and Nicobar Islands","India",2020-03-16,0,0,0
"56","Andaman and Nicobar Islands","India",2020-03-17,0,0,0
"57","Andaman and Nicobar Islands","India",2020-03-18,0,0,0
"58","Andaman and Nicobar Islands","India",2020-03-19,0,0,0
"59","Andaman and Nicobar Islands","India",2020-03-20,0,0,0
"60","Andaman and Nicobar Islands","India",2020-03-21,0,0,0
"61","Andaman and Nicobar Islands","India",2020-03-22,0,0,0
"62","Andaman and Nicobar Islands","India",2020-03-23,0,0,0
"63","Andaman and Nicobar Islands","India",2020-03-24,0,0,0
"64","Andaman and Nicobar Islands","India",2020-03-25,0,0,0
"65","Andaman and Nicobar Islands","India",2020-03-26,1,0,0
"66","Andaman and Nicobar Islands","India",2020-03-27,1,0,0
"67","Andaman and Nicobar Islands","India",2020-03-28,6,0,0
"68","Andaman and Nicobar Islands","India",2020-03-29,9,0,0
"69","Andaman and Nicobar Islands","India",2020-03-30,9,0,0
"70","Andaman and Nicobar Islands","India",2020-03-31,10,0,0
"71","Andaman and Nicobar Islands","India",2020-04-01,10,0,0
"72","Andaman and Nicobar Islands","India",2020-04-02,10,0,0
"73","Andaman and Nicobar Islands","India",2020-04-03,10,0,0
"74","Andaman and Nicobar Islands","India",2020-04-04,10,0,0
"75","Andhra Pradesh","India",2020-01-22,0,0,0
"76","Andhra Pradesh","India",2020-01-23,0,0,0
"77","Andhra Pradesh","India",2020-01-24,0,0,0
"78","Andhra Pradesh","India",2020-01-25,0,0,0
"79","Andhra Pradesh","India",2020-01-26,0,0,0
"80","Andhra Pradesh","India",2020-01-27,0,0,0
"81","Andhra Pradesh","India",2020-01-28,0,0,0
"82","Andhra Pradesh","India",2020-01-29,0,0,0
"83","Andhra Pradesh","India",2020-01-30,0,0,0
"84","Andhra Pradesh","India",2020-01-31,0,0,0
"85","Andhra Pradesh","India",2020-02-01,0,0,0
"86","Andhra Pradesh","India",2020-02-02,0,0,0
"87","Andhra Pradesh","India",2020-02-03,0,0,0
"88","Andhra Pradesh","India",2020-02-04,0,0,0
"89","Andhra Pradesh","India",2020-02-05,0,0,0
"90","Andhra Pradesh","India",2020-02-06,0,0,0
"91","Andhra Pradesh","India",2020-02-07,0,0,0
"92","Andhra Pradesh","India",2020-02-08,0,0,0
"93","Andhra Pradesh","India",2020-02-09,0,0,0
"94","Andhra Pradesh","India",2020-02-10,0,0,0
"95","Andhra Pradesh","India",2020-02-11,0,0,0
"96","Andhra Pradesh","India",2020-02-12,0,0,0
"97","Andhra Pradesh","India",2020-02-13,0,0,0
"98","Andhra Pradesh","India",2020-02-14,0,0,0
"99","Andhra Pradesh","India",2020-02-15,0,0,0
"100","Andhra Pradesh","India",2020-02-16,0,0,0
"101","Andhra Pradesh","India",2020-02-17,0,0,0
"102","Andhra Pradesh","India",2020-02-18,0,0,0
"103","Andhra Pradesh","India",2020-02-19,0,0,0
"104","Andhra Pradesh","India",2020-02-20,0,0,0
"105","Andhra Pradesh","India",2020-02-21,0,0,0
"106","Andhra Pradesh","India",2020-02-22,0,0,0
"107","Andhra Pradesh","India",2020-02-23,0,0,0
"108","Andhra Pradesh","India",2020-02-24,0,0,0
"109","Andhra Pradesh","India",2020-02-25,0,0,0
"110","Andhra Pradesh","India",2020-02-26,0,0,0
"111","Andhra Pradesh","India",2020-02-27,0,0,0
"112","Andhra Pradesh","India",2020-02-28,0,0,0
"113","Andhra Pradesh","India",2020-02-29,0,0,0
"114","Andhra Pradesh","India",2020-03-01,0,0,0
"115","Andhra Pradesh","India",2020-03-02,0,0,0
"116","Andhra Pradesh","India",2020-03-03,0,0,0
"117","Andhra Pradesh","India",2020-03-04,0,0,0
"118","Andhra Pradesh","India",2020-03-05,0,0,0
"119","Andhra Pradesh","India",2020-03-06,0,0,0
"120","Andhra Pradesh","India",2020-03-07,0,0,0
"121","Andhra Pradesh","India",2020-03-08,0,0,0
"122","Andhra Pradesh","India",2020-03-09,0,0,0
"123","Andhra Pradesh","India",2020-03-10,0,0,0
"124","Andhra Pradesh","India",2020-03-11,0,0,0
"125","Andhra Pradesh","India",2020-03-12,1,0,0
"126","Andhra Pradesh","India",2020-03-13,1,0,0
"127","Andhra Pradesh","India",2020-03-14,1,0,0
"128","Andhra Pradesh","India",2020-03-15,1,0,0
"129","Andhra Pradesh","India",2020-03-16,1,0,0
"130","Andhra Pradesh","India",2020-03-17,1,0,0
"131","Andhra Pradesh","India",2020-03-18,1,0,0
"132","Andhra Pradesh","India",2020-03-19,2,0,0
"133","Andhra Pradesh","India",2020-03-20,3,0,0
"134","Andhra Pradesh","India",2020-03-21,3,0,0
"135","Andhra Pradesh","India",2020-03-22,5,0,0
"136","Andhra Pradesh","India",2020-03-23,7,0,0
"137","Andhra Pradesh","India",2020-03-24,8,0,0
"138","Andhra Pradesh","India",2020-03-25,9,1,0
"139","Andhra Pradesh","India",2020-03-26,11,1,0
"140","Andhra Pradesh","India",2020-03-27,12,1,0
"141","Andhra Pradesh","India",2020-03-28,14,1,0
"142","Andhra Pradesh","India",2020-03-29,19,1,0
"143","Andhra Pradesh","India",2020-03-30,19,1,0
"144","Andhra Pradesh","India",2020-03-31,40,1,0
"145","Andhra Pradesh","India",2020-04-01,83,1,0
"146","Andhra Pradesh","India",2020-04-02,86,1,1
"147","Andhra Pradesh","India",2020-04-03,132,1,1
"148","Andhra Pradesh","India",2020-04-04,161,1,1
"149","Arunachal Pradesh","India",2020-01-22,0,0,0
"150","Arunachal Pradesh","India",2020-01-23,0,0,0
"151","Arunachal Pradesh","India",2020-01-24,0,0,0
"152","Arunachal Pradesh","India",2020-01-25,0,0,0
"153","Arunachal Pradesh","India",2020-01-26,0,0,0
"154","Arunachal Pradesh","India",2020-01-27,0,0,0
"155","Arunachal Pradesh","India",2020-01-28,0,0,0
"156","Arunachal Pradesh","India",2020-01-29,0,0,0
"157","Arunachal Pradesh","India",2020-01-30,0,0,0
"158","Arunachal Pradesh","India",2020-01-31,0,0,0
"159","Arunachal Pradesh","India",2020-02-01,0,0,0
"160","Arunachal Pradesh","India",2020-02-02,0,0,0
"161","Arunachal Pradesh","India",2020-02-03,0,0,0
"162","Arunachal Pradesh","India",2020-02-04,0,0,0
"163","Arunachal Pradesh","India",2020-02-05,0,0,0
"164","Arunachal Pradesh","India",2020-02-06,0,0,0
"165","Arunachal Pradesh","India",2020-02-07,0,0,0
"166","Arunachal Pradesh","India",2020-02-08,0,0,0
"167","Arunachal Pradesh","India",2020-02-09,0,0,0
"168","Arunachal Pradesh","India",2020-02-10,0,0,0
"169","Arunachal Pradesh","India",2020-02-11,0,0,0
"170","Arunachal Pradesh","India",2020-02-12,0,0,0
"171","Arunachal Pradesh","India",2020-02-13,0,0,0
"172","Arunachal Pradesh","India",2020-02-14,0,0,0
"173","Arunachal Pradesh","India",2020-02-15,0,0,0
"174","Arunachal Pradesh","India",2020-02-16,0,0,0
"175","Arunachal Pradesh","India",2020-02-17,0,0,0
"176","Arunachal Pradesh","India",2020-02-18,0,0,0
"177","Arunachal Pradesh","India",2020-02-19,0,0,0
"178","Arunachal Pradesh","India",2020-02-20,0,0,0
"179","Arunachal Pradesh","India",2020-02-21,0,0,0
"180","Arunachal Pradesh","India",2020-02-22,0,0,0
"181","Arunachal Pradesh","India",2020-02-23,0,0,0
"182","Arunachal Pradesh","India",2020-02-24,0,0,0
"183","Arunachal Pradesh","India",2020-02-25,0,0,0
"184","Arunachal Pradesh","India",2020-02-26,0,0,0
"185","Arunachal Pradesh","India",2020-02-27,0,0,0
"186","Arunachal Pradesh","India",2020-02-28,0,0,0
"187","Arunachal Pradesh","India",2020-02-29,0,0,0
"188","Arunachal Pradesh","India",2020-03-01,0,0,0
"189","Arunachal Pradesh","India",2020-03-02,0,0,0
"190","Arunachal Pradesh","India",2020-03-03,0,0,0
"191","Arunachal Pradesh","India",2020-03-04,0,0,0
"192","Arunachal Pradesh","India",2020-03-05,0,0,0
"193","Arunachal Pradesh","India",2020-03-06,0,0,0
"194","Arunachal Pradesh","India",2020-03-07,0,0,0
"195","Arunachal Pradesh","India",2020-03-08,0,0,0
"196","Arunachal Pradesh","India",2020-03-09,0,0,0
"197","Arunachal Pradesh","India",2020-03-10,0,0,0
"198","Arunachal Pradesh","India",2020-03-11,0,0,0
"199","Arunachal Pradesh","India",2020-03-12,0,0,0
"200","Arunachal Pradesh","India",2020-03-13,0,0,0
"201","Arunachal Pradesh","India",2020-03-14,0,0,0
"202","Arunachal Pradesh","India",2020-03-15,0,0,0
"203","Arunachal Pradesh","India",2020-03-16,0,0,0
"204","Arunachal Pradesh","India",2020-03-17,0,0,0
"205","Arunachal Pradesh","India",2020-03-18,0,0,0
"206","Arunachal Pradesh","India",2020-03-19,0,0,0
"207","Arunachal Pradesh","India",2020-03-20,0,0,0
"208","Arunachal Pradesh","India",2020-03-21,0,0,0
"209","Arunachal Pradesh","India",2020-03-22,0,0,0
"210","Arunachal Pradesh","India",2020-03-23,0,0,0
"211","Arunachal Pradesh","India",2020-03-24,0,0,0
"212","Arunachal Pradesh","India",2020-03-25,0,0,0
"213","Arunachal Pradesh","India",2020-03-26,0,0,0
"214","Arunachal Pradesh","India",2020-03-27,0,0,0
"215","Arunachal Pradesh","India",2020-03-28,0,0,0
"216","Arunachal Pradesh","India",2020-03-29,0,0,0
"217","Arunachal Pradesh","India",2020-03-30,0,0,0
"218","Arunachal Pradesh","India",2020-03-31,0,0,0
"219","Arunachal Pradesh","India",2020-04-01,0,0,0
"220","Arunachal Pradesh","India",2020-04-02,0,0,0
"221","Arunachal Pradesh","India",2020-04-03,1,0,0
"222","Arunachal Pradesh","India",2020-04-04,1,0,0
"223","Assam","India",2020-01-22,0,0,0
"224","Assam","India",2020-01-23,0,0,0
"225","Assam","India",2020-01-24,0,0,0
"226","Assam","India",2020-01-25,0,0,0
"227","Assam","India",2020-01-26,0,0,0
"228","Assam","India",2020-01-27,0,0,0
"229","Assam","India",2020-01-28,0,0,0
"230","Assam","India",2020-01-29,0,0,0
"231","Assam","India",2020-01-30,0,0,0
"232","Assam","India",2020-01-31,0,0,0
"233","Assam","India",2020-02-01,0,0,0
"234","Assam","India",2020-02-02,0,0,0
"235","Assam","India",2020-02-03,0,0,0
"236","Assam","India",2020-02-04,0,0,0
"237","Assam","India",2020-02-05,0,0,0
"238","Assam","India",2020-02-06,0,0,0
"239","Assam","India",2020-02-07,0,0,0
"240","Assam","India",2020-02-08,0,0,0
"241","Assam","India",2020-02-09,0,0,0
"242","Assam","India",2020-02-10,0,0,0
"243","Assam","India",2020-02-11,0,0,0
"244","Assam","India",2020-02-12,0,0,0
"245","Assam","India",2020-02-13,0,0,0
"246","Assam","India",2020-02-14,0,0,0
"247","Assam","India",2020-02-15,0,0,0
"248","Assam","India",2020-02-16,0,0,0
"249","Assam","India",2020-02-17,0,0,0
"250","Assam","India",2020-02-18,0,0,0
"251","Assam","India",2020-02-19,0,0,0
"252","Assam","India",2020-02-20,0,0,0
"253","Assam","India",2020-02-21,0,0,0
"254","Assam","India",2020-02-22,0,0,0
"255","Assam","India",2020-02-23,0,0,0
"256","Assam","India",2020-02-24,0,0,0
"257","Assam","India",2020-02-25,0,0,0
"258","Assam","India",2020-02-26,0,0,0
"259","Assam","India",2020-02-27,0,0,0
"260","Assam","India",2020-02-28,0,0,0
"261","Assam","India",2020-02-29,0,0,0
"262","Assam","India",2020-03-01,0,0,0
"263","Assam","India",2020-03-02,0,0,0
"264","Assam","India",2020-03-03,0,0,0
"265","Assam","India",2020-03-04,0,0,0
"266","Assam","India",2020-03-05,0,0,0
"267","Assam","India",2020-03-06,0,0,0
"268","Assam","India",2020-03-07,0,0,0
"269","Assam","India",2020-03-08,0,0,0
"270","Assam","India",2020-03-09,0,0,0
"271","Assam","India",2020-03-10,0,0,0
"272","Assam","India",2020-03-11,0,0,0
"273","Assam","India",2020-03-12,0,0,0
"274","Assam","India",2020-03-13,0,0,0
"275","Assam","India",2020-03-14,0,0,0
"276","Assam","India",2020-03-15,0,0,0
"277","Assam","India",2020-03-16,0,0,0
"278","Assam","India",2020-03-17,0,0,0
"279","Assam","India",2020-03-18,0,0,0
"280","Assam","India",2020-03-19,0,0,0
"281","Assam","India",2020-03-20,0,0,0
"282","Assam","India",2020-03-21,0,0,0
"283","Assam","India",2020-03-22,0,0,0
"284","Assam","India",2020-03-23,0,0,0
"285","Assam","India",2020-03-24,0,0,0
"286","Assam","India",2020-03-25,0,0,0
"287","Assam","India",2020-03-26,0,0,0
"288","Assam","India",2020-03-27,0,0,0
"289","Assam","India",2020-03-28,0,0,0
"290","Assam","India",2020-03-29,0,0,0
"291","Assam","India",2020-03-30,0,0,0
"292","Assam","India",2020-03-31,0,0,0
"293","Assam","India",2020-04-01,0,0,0
"294","Assam","India",2020-04-02,5,0,0
"295","Assam","India",2020-04-03,16,0,0
"296","Assam","India",2020-04-04,24,0,0
"297","Bihar","India",2020-01-22,0,0,0
"298","Bihar","India",2020-01-23,0,0,0
"299","Bihar","India",2020-01-24,0,0,0
"300","Bihar","India",2020-01-25,0,0,0
"301","Bihar","India",2020-01-26,0,0,0
"302","Bihar","India",2020-01-27,0,0,0
"303","Bihar","India",2020-01-28,0,0,0
"304","Bihar","India",2020-01-29,0,0,0
"305","Bihar","India",2020-01-30,0,0,0
"306","Bihar","India",2020-01-31,0,0,0
"307","Bihar","India",2020-02-01,0,0,0
"308","Bihar","India",2020-02-02,0,0,0
"309","Bihar","India",2020-02-03,0,0,0
"310","Bihar","India",2020-02-04,0,0,0
"311","Bihar","India",2020-02-05,0,0,0
"312","Bihar","India",2020-02-06,0,0,0
"313","Bihar","India",2020-02-07,0,0,0
"314","Bihar","India",2020-02-08,0,0,0
"315","Bihar","India",2020-02-09,0,0,0
"316","Bihar","India",2020-02-10,0,0,0
"317","Bihar","India",2020-02-11,0,0,0
"318","Bihar","India",2020-02-12,0,0,0
"319","Bihar","India",2020-02-13,0,0,0
"320","Bihar","India",2020-02-14,0,0,0
"321","Bihar","India",2020-02-15,0,0,0
"322","Bihar","India",2020-02-16,0,0,0
"323","Bihar","India",2020-02-17,0,0,0
"324","Bihar","India",2020-02-18,0,0,0
"325","Bihar","India",2020-02-19,0,0,0
"326","Bihar","India",2020-02-20,0,0,0
"327","Bihar","India",2020-02-21,0,0,0
"328","Bihar","India",2020-02-22,0,0,0
"329","Bihar","India",2020-02-23,0,0,0
"330","Bihar","India",2020-02-24,0,0,0
"331","Bihar","India",2020-02-25,0,0,0
"332","Bihar","India",2020-02-26,0,0,0
"333","Bihar","India",2020-02-27,0,0,0
"334","Bihar","India",2020-02-28,0,0,0
"335","Bihar","India",2020-02-29,0,0,0
"336","Bihar","India",2020-03-01,0,0,0
"337","Bihar","India",2020-03-02,0,0,0
"338","Bihar","India",2020-03-03,0,0,0
"339","Bihar","India",2020-03-04,0,0,0
"340","Bihar","India",2020-03-05,0,0,0
"341","Bihar","India",2020-03-06,0,0,0
"342","Bihar","India",2020-03-07,0,0,0
"343","Bihar","India",2020-03-08,0,0,0
"344","Bihar","India",2020-03-09,0,0,0
"345","Bihar","India",2020-03-10,0,0,0
"346","Bihar","India",2020-03-11,0,0,0
"347","Bihar","India",2020-03-12,0,0,0
"348","Bihar","India",2020-03-13,0,0,0
"349","Bihar","India",2020-03-14,0,0,0
"350","Bihar","India",2020-03-15,0,0,0
"351","Bihar","India",2020-03-16,0,0,0
"352","Bihar","India",2020-03-17,0,0,0
"353","Bihar","India",2020-03-18,0,0,0
"354","Bihar","India",2020-03-19,0,0,0
"355","Bihar","India",2020-03-20,0,0,0
"356","Bihar","India",2020-03-21,0,0,0
"357","Bihar","India",2020-03-22,2,0,1
"358","Bihar","India",2020-03-23,2,0,1
"359","Bihar","India",2020-03-24,3,0,1
"360","Bihar","India",2020-03-25,4,0,1
"361","Bihar","India",2020-03-26,6,0,1
"362","Bihar","India",2020-03-27,6,0,1
"363","Bihar","India",2020-03-28,9,0,1
"364","Bihar","India",2020-03-29,11,0,1
"365","Bihar","India",2020-03-30,11,0,1
"366","Bihar","India",2020-03-31,15,0,1
"367","Bihar","India",2020-04-01,23,0,1
"368","Bihar","India",2020-04-02,24,0,1
"369","Bihar","India",2020-04-03,29,0,1
"370","Bihar","India",2020-04-04,30,0,1
"371","Chandigarh","India",2020-01-22,0,0,0
"372","Chandigarh","India",2020-01-23,0,0,0
"373","Chandigarh","India",2020-01-24,0,0,0
"374","Chandigarh","India",2020-01-25,0,0,0
"375","Chandigarh","India",2020-01-26,0,0,0
"376","Chandigarh","India",2020-01-27,0,0,0
"377","Chandigarh","India",2020-01-28,0,0,0
"378","Chandigarh","India",2020-01-29,0,0,0
"379","Chandigarh","India",2020-01-30,0,0,0
"380","Chandigarh","India",2020-01-31,0,0,0
"381","Chandigarh","India",2020-02-01,0,0,0
"382","Chandigarh","India",2020-02-02,0,0,0
"383","Chandigarh","India",2020-02-03,0,0,0
"384","Chandigarh","India",2020-02-04,0,0,0
"385","Chandigarh","India",2020-02-05,0,0,0
"386","Chandigarh","India",2020-02-06,0,0,0
"387","Chandigarh","India",2020-02-07,0,0,0
"388","Chandigarh","India",2020-02-08,0,0,0
"389","Chandigarh","India",2020-02-09,0,0,0
"390","Chandigarh","India",2020-02-10,0,0,0
"391","Chandigarh","India",2020-02-11,0,0,0
"392","Chandigarh","India",2020-02-12,0,0,0
"393","Chandigarh","India",2020-02-13,0,0,0
"394","Chandigarh","India",2020-02-14,0,0,0
"395","Chandigarh","India",2020-02-15,0,0,0
"396","Chandigarh","India",2020-02-16,0,0,0
"397","Chandigarh","India",2020-02-17,0,0,0
"398","Chandigarh","India",2020-02-18,0,0,0
"399","Chandigarh","India",2020-02-19,0,0,0
"400","Chandigarh","India",2020-02-20,0,0,0
"401","Chandigarh","India",2020-02-21,0,0,0
"402","Chandigarh","India",2020-02-22,0,0,0
"403","Chandigarh","India",2020-02-23,0,0,0
"404","Chandigarh","India",2020-02-24,0,0,0
"405","Chandigarh","India",2020-02-25,0,0,0
"406","Chandigarh","India",2020-02-26,0,0,0
"407","Chandigarh","India",2020-02-27,0,0,0
"408","Chandigarh","India",2020-02-28,0,0,0
"409","Chandigarh","India",2020-02-29,0,0,0
"410","Chandigarh","India",2020-03-01,0,0,0
"411","Chandigarh","India",2020-03-02,0,0,0
"412","Chandigarh","India",2020-03-03,0,0,0
"413","Chandigarh","India",2020-03-04,0,0,0
"414","Chandigarh","India",2020-03-05,0,0,0
"415","Chandigarh","India",2020-03-06,0,0,0
"416","Chandigarh","India",2020-03-07,0,0,0
"417","Chandigarh","India",2020-03-08,0,0,0
"418","Chandigarh","India",2020-03-09,0,0,0
"419","Chandigarh","India",2020-03-10,0,0,0
"420","Chandigarh","India",2020-03-11,0,0,0
"421","Chandigarh","India",2020-03-12,0,0,0
"422","Chandigarh","India",2020-03-13,0,0,0
"423","Chandigarh","India",2020-03-14,0,0,0
"424","Chandigarh","India",2020-03-15,0,0,0
"425","Chandigarh","India",2020-03-16,0,0,0
"426","Chandigarh","India",2020-03-17,0,0,0
"427","Chandigarh","India",2020-03-18,0,0,0
"428","Chandigarh","India",2020-03-19,1,0,0
"429","Chandigarh","India",2020-03-20,1,0,0
"430","Chandigarh","India",2020-03-21,1,0,0
"431","Chandigarh","India",2020-03-22,5,0,0
"432","Chandigarh","India",2020-03-23,6,0,0
"433","Chandigarh","India",2020-03-24,7,0,0
"434","Chandigarh","India",2020-03-25,7,0,0
"435","Chandigarh","India",2020-03-26,7,0,0
"436","Chandigarh","India",2020-03-27,7,0,0
"437","Chandigarh","India",2020-03-28,8,0,0
"438","Chandigarh","India",2020-03-29,8,0,0
"439","Chandigarh","India",2020-03-30,8,0,0
"440","Chandigarh","India",2020-03-31,13,0,0
"441","Chandigarh","India",2020-04-01,13,0,0
"442","Chandigarh","India",2020-04-02,16,0,0
"443","Chandigarh","India",2020-04-03,18,0,0
"444","Chandigarh","India",2020-04-04,18,0,0
"445","Chhattisgarh","India",2020-01-22,0,0,0
"446","Chhattisgarh","India",2020-01-23,0,0,0
"447","Chhattisgarh","India",2020-01-24,0,0,0
"448","Chhattisgarh","India",2020-01-25,0,0,0
"449","Chhattisgarh","India",2020-01-26,0,0,0
"450","Chhattisgarh","India",2020-01-27,0,0,0
"451","Chhattisgarh","India",2020-01-28,0,0,0
"452","Chhattisgarh","India",2020-01-29,0,0,0
"453","Chhattisgarh","India",2020-01-30,0,0,0
"454","Chhattisgarh","India",2020-01-31,0,0,0
"455","Chhattisgarh","India",2020-02-01,0,0,0
"456","Chhattisgarh","India",2020-02-02,0,0,0
"457","Chhattisgarh","India",2020-02-03,0,0,0
"458","Chhattisgarh","India",2020-02-04,0,0,0
"459","Chhattisgarh","India",2020-02-05,0,0,0
"460","Chhattisgarh","India",2020-02-06,0,0,0
"461","Chhattisgarh","India",2020-02-07,0,0,0
"462","Chhattisgarh","India",2020-02-08,0,0,0
"463","Chhattisgarh","India",2020-02-09,0,0,0
"464","Chhattisgarh","India",2020-02-10,0,0,0
"465","Chhattisgarh","India",2020-02-11,0,0,0
"466","Chhattisgarh","India",2020-02-12,0,0,0
"467","Chhattisgarh","India",2020-02-13,0,0,0
"468","Chhattisgarh","India",2020-02-14,0,0,0
"469","Chhattisgarh","India",2020-02-15,0,0,0
"470","Chhattisgarh","India",2020-02-16,0,0,0
"471","Chhattisgarh","India",2020-02-17,0,0,0
"472","Chhattisgarh","India",2020-02-18,0,0,0
"473","Chhattisgarh","India",2020-02-19,0,0,0
"474","Chhattisgarh","India",2020-02-20,0,0,0
"475","Chhattisgarh","India",2020-02-21,0,0,0
"476","Chhattisgarh","India",2020-02-22,0,0,0
"477","Chhattisgarh","India",2020-02-23,0,0,0
"478","Chhattisgarh","India",2020-02-24,0,0,0
"479","Chhattisgarh","India",2020-02-25,0,0,0
"480","Chhattisgarh","India",2020-02-26,0,0,0
"481","Chhattisgarh","India",2020-02-27,0,0,0
"482","Chhattisgarh","India",2020-02-28,0,0,0
"483","Chhattisgarh","India",2020-02-29,0,0,0
"484","Chhattisgarh","India",2020-03-01,0,0,0
"485","Chhattisgarh","India",2020-03-02,0,0,0
"486","Chhattisgarh","India",2020-03-03,0,0,0
"487","Chhattisgarh","India",2020-03-04,0,0,0
"488","Chhattisgarh","India",2020-03-05,0,0,0
"489","Chhattisgarh","India",2020-03-06,0,0,0
"490","Chhattisgarh","India",2020-03-07,0,0,0
"491","Chhattisgarh","India",2020-03-08,0,0,0
"492","Chhattisgarh","India",2020-03-09,0,0,0
"493","Chhattisgarh","India",2020-03-10,0,0,0
"494","Chhattisgarh","India",2020-03-11,0,0,0
"495","Chhattisgarh","India",2020-03-12,0,0,0
"496","Chhattisgarh","India",2020-03-13,0,0,0
"497","Chhattisgarh","India",2020-03-14,0,0,0
"498","Chhattisgarh","India",2020-03-15,0,0,0
"499","Chhattisgarh","India",2020-03-16,0,0,0
"500","Chhattisgarh","India",2020-03-17,0,0,0
"501","Chhattisgarh","India",2020-03-18,0,0,0
"502","Chhattisgarh","India",2020-03-19,1,0,0
"503","Chhattisgarh","India",2020-03-20,1,0,0
"504","Chhattisgarh","India",2020-03-21,1,0,0
"505","Chhattisgarh","India",2020-03-22,1,0,0
"506","Chhattisgarh","India",2020-03-23,1,0,0
"507","Chhattisgarh","India",2020-03-24,1,0,0
"508","Chhattisgarh","India",2020-03-25,1,0,0
"509","Chhattisgarh","India",2020-03-26,6,0,0
"510","Chhattisgarh","India",2020-03-27,6,0,0
"511","Chhattisgarh","India",2020-03-28,6,0,0
"512","Chhattisgarh","India",2020-03-29,7,0,0
"513","Chhattisgarh","India",2020-03-30,7,0,0
"514","Chhattisgarh","India",2020-03-31,8,0,0
"515","Chhattisgarh","India",2020-04-01,9,0,0
"516","Chhattisgarh","India",2020-04-02,9,2,0
"517","Chhattisgarh","India",2020-04-03,9,3,0
"518","Chhattisgarh","India",2020-04-04,9,3,0
"519","Delhi","India",2020-01-22,0,0,0
"520","Delhi","India",2020-01-23,0,0,0
"521","Delhi","India",2020-01-24,0,0,0
"522","Delhi","India",2020-01-25,0,0,0
"523","Delhi","India",2020-01-26,0,0,0
"524","Delhi","India",2020-01-27,0,0,0
"525","Delhi","India",2020-01-28,0,0,0
"526","Delhi","India",2020-01-29,0,0,0
"527","Delhi","India",2020-01-30,0,0,0
"528","Delhi","India",2020-01-31,0,0,0
"529","Delhi","India",2020-02-01,0,0,0
"530","Delhi","India",2020-02-02,0,0,0
"531","Delhi","India",2020-02-03,0,0,0
"532","Delhi","India",2020-02-04,0,0,0
"533","Delhi","India",2020-02-05,0,0,0
"534","Delhi","India",2020-02-06,0,0,0
"535","Delhi","India",2020-02-07,0,0,0
"536","Delhi","India",2020-02-08,0,0,0
"537","Delhi","India",2020-02-09,0,0,0
"538","Delhi","India",2020-02-10,0,0,0
"539","Delhi","India",2020-02-11,0,0,0
"540","Delhi","India",2020-02-12,0,0,0
"541","Delhi","India",2020-02-13,0,0,0
"542","Delhi","India",2020-02-14,0,0,0
"543","Delhi","India",2020-02-15,0,0,0
"544","Delhi","India",2020-02-16,0,0,0
"545","Delhi","India",2020-02-17,0,0,0
"546","Delhi","India",2020-02-18,0,0,0
"547","Delhi","India",2020-02-19,0,0,0
"548","Delhi","India",2020-02-20,0,0,0
"549","Delhi","India",2020-02-21,0,0,0
"550","Delhi","India",2020-02-22,0,0,0
"551","Delhi","India",2020-02-23,0,0,0
"552","Delhi","India",2020-02-24,0,0,0
"553","Delhi","India",2020-02-25,0,0,0
"554","Delhi","India",2020-02-26,0,0,0
"555","Delhi","India",2020-02-27,0,0,0
"556","Delhi","India",2020-02-28,0,0,0
"557","Delhi","India",2020-02-29,0,0,0
"558","Delhi","India",2020-03-01,0,0,0
"559","Delhi","India",2020-03-02,1,0,0
"560","Delhi","India",2020-03-03,1,0,0
"561","Delhi","India",2020-03-04,1,0,0
"562","Delhi","India",2020-03-05,2,0,0
"563","Delhi","India",2020-03-06,3,0,0
"564","Delhi","India",2020-03-07,3,0,0
"565","Delhi","India",2020-03-08,3,0,0
"566","Delhi","India",2020-03-09,4,0,0
"567","Delhi","India",2020-03-10,4,0,0
"568","Delhi","India",2020-03-11,5,0,0
"569","Delhi","India",2020-03-12,6,0,0
"570","Delhi","India",2020-03-13,6,0,0
"571","Delhi","India",2020-03-14,7,1,1
"572","Delhi","India",2020-03-15,7,2,1
"573","Delhi","India",2020-03-16,7,2,1
"574","Delhi","India",2020-03-17,8,2,1
"575","Delhi","India",2020-03-18,10,2,1
"576","Delhi","India",2020-03-19,12,3,1
"577","Delhi","India",2020-03-20,17,5,1
"578","Delhi","India",2020-03-21,26,5,1
"579","Delhi","India",2020-03-22,29,5,1
"580","Delhi","India",2020-03-23,29,5,1
"581","Delhi","India",2020-03-24,30,6,1
"582","Delhi","India",2020-03-25,31,6,1
"583","Delhi","India",2020-03-26,36,6,1
"584","Delhi","India",2020-03-27,36,6,1
"585","Delhi","India",2020-03-28,39,6,1
"586","Delhi","India",2020-03-29,49,6,2
"587","Delhi","India",2020-03-30,53,6,2
"588","Delhi","India",2020-03-31,97,6,2
"589","Delhi","India",2020-04-01,120,6,2
"590","Delhi","India",2020-04-02,219,8,4
"591","Delhi","India",2020-04-03,219,8,4
"592","Delhi","India",2020-04-04,445,15,6
"593","Goa","India",2020-01-22,0,0,0
"594","Goa","India",2020-01-23,0,0,0
"595","Goa","India",2020-01-24,0,0,0
"596","Goa","India",2020-01-25,0,0,0
"597","Goa","India",2020-01-26,0,0,0
"598","Goa","India",2020-01-27,0,0,0
"599","Goa","India",2020-01-28,0,0,0
"600","Goa","India",2020-01-29,0,0,0
"601","Goa","India",2020-01-30,0,0,0
"602","Goa","India",2020-01-31,0,0,0
"603","Goa","India",2020-02-01,0,0,0
"604","Goa","India",2020-02-02,0,0,0
"605","Goa","India",2020-02-03,0,0,0
"606","Goa","India",2020-02-04,0,0,0
"607","Goa","India",2020-02-05,0,0,0
"608","Goa","India",2020-02-06,0,0,0
"609","Goa","India",2020-02-07,0,0,0
"610","Goa","India",2020-02-08,0,0,0
"611","Goa","India",2020-02-09,0,0,0
"612","Goa","India",2020-02-10,0,0,0
"613","Goa","India",2020-02-11,0,0,0
"614","Goa","India",2020-02-12,0,0,0
"615","Goa","India",2020-02-13,0,0,0
"616","Goa","India",2020-02-14,0,0,0
"617","Goa","India",2020-02-15,0,0,0
"618","Goa","India",2020-02-16,0,0,0
"619","Goa","India",2020-02-17,0,0,0
"620","Goa","India",2020-02-18,0,0,0
"621","Goa","India",2020-02-19,0,0,0
"622","Goa","India",2020-02-20,0,0,0
"623","Goa","India",2020-02-21,0,0,0
"624","Goa","India",2020-02-22,0,0,0
"625","Goa","India",2020-02-23,0,0,0
"626","Goa","India",2020-02-24,0,0,0
"627","Goa","India",2020-02-25,0,0,0
"628","Goa","India",2020-02-26,0,0,0
"629","Goa","India",2020-02-27,0,0,0
"630","Goa","India",2020-02-28,0,0,0
"631","Goa","India",2020-02-29,0,0,0
"632","Goa","India",2020-03-01,0,0,0
"633","Goa","India",2020-03-02,0,0,0
"634","Goa","India",2020-03-03,0,0,0
"635","Goa","India",2020-03-04,0,0,0
"636","Goa","India",2020-03-05,0,0,0
"637","Goa","India",2020-03-06,0,0,0
"638","Goa","India",2020-03-07,0,0,0
"639","Goa","India",2020-03-08,0,0,0
"640","Goa","India",2020-03-09,0,0,0
"641","Goa","India",2020-03-10,0,0,0
"642","Goa","India",2020-03-11,0,0,0
"643","Goa","India",2020-03-12,0,0,0
"644","Goa","India",2020-03-13,0,0,0
"645","Goa","India",2020-03-14,0,0,0
"646","Goa","India",2020-03-15,0,0,0
"647","Goa","India",2020-03-16,0,0,0
"648","Goa","India",2020-03-17,0,0,0
"649","Goa","India",2020-03-18,0,0,0
"650","Goa","India",2020-03-19,0,0,0
"651","Goa","India",2020-03-20,0,0,0
"652","Goa","India",2020-03-21,0,0,0
"653","Goa","India",2020-03-22,0,0,0
"654","Goa","India",2020-03-23,0,0,0
"655","Goa","India",2020-03-24,0,0,0
"656","Goa","India",2020-03-25,0,0,0
"657","Goa","India",2020-03-26,3,0,0
"658","Goa","India",2020-03-27,3,0,0
"659","Goa","India",2020-03-28,3,0,0
"660","Goa","India",2020-03-29,5,0,0
"661","Goa","India",2020-03-30,5,0,0
"662","Goa","India",2020-03-31,5,0,0
"663","Goa","India",2020-04-01,5,0,0
"664","Goa","India",2020-04-02,5,0,0
"665","Goa","India",2020-04-03,6,0,0
"666","Goa","India",2020-04-04,7,0,0
"667","Gujarat","India",2020-01-22,0,0,0
"668","Gujarat","India",2020-01-23,0,0,0
"669","Gujarat","India",2020-01-24,0,0,0
"670","Gujarat","India",2020-01-25,0,0,0
"671","Gujarat","India",2020-01-26,0,0,0
"672","Gujarat","India",2020-01-27,0,0,0
"673","Gujarat","India",2020-01-28,0,0,0
"674","Gujarat","India",2020-01-29,0,0,0
"675","Gujarat","India",2020-01-30,0,0,0
"676","Gujarat","India",2020-01-31,0,0,0
"677","Gujarat","India",2020-02-01,0,0,0
"678","Gujarat","India",2020-02-02,0,0,0
"679","Gujarat","India",2020-02-03,0,0,0
"680","Gujarat","India",2020-02-04,0,0,0
"681","Gujarat","India",2020-02-05,0,0,0
"682","Gujarat","India",2020-02-06,0,0,0
"683","Gujarat","India",2020-02-07,0,0,0
"684","Gujarat","India",2020-02-08,0,0,0
"685","Gujarat","India",2020-02-09,0,0,0
"686","Gujarat","India",2020-02-10,0,0,0
"687","Gujarat","India",2020-02-11,0,0,0
"688","Gujarat","India",2020-02-12,0,0,0
"689","Gujarat","India",2020-02-13,0,0,0
"690","Gujarat","India",2020-02-14,0,0,0
"691","Gujarat","India",2020-02-15,0,0,0
"692","Gujarat","India",2020-02-16,0,0,0
"693","Gujarat","India",2020-02-17,0,0,0
"694","Gujarat","India",2020-02-18,0,0,0
"695","Gujarat","India",2020-02-19,0,0,0
"696","Gujarat","India",2020-02-20,0,0,0
"697","Gujarat","India",2020-02-21,0,0,0
"698","Gujarat","India",2020-02-22,0,0,0
"699","Gujarat","India",2020-02-23,0,0,0
"700","Gujarat","India",2020-02-24,0,0,0
"701","Gujarat","India",2020-02-25,0,0,0
"702","Gujarat","India",2020-02-26,0,0,0
"703","Gujarat","India",2020-02-27,0,0,0
"704","Gujarat","India",2020-02-28,0,0,0
"705","Gujarat","India",2020-02-29,0,0,0
"706","Gujarat","India",2020-03-01,0,0,0
"707","Gujarat","India",2020-03-02,0,0,0
"708","Gujarat","India",2020-03-03,0,0,0
"709","Gujarat","India",2020-03-04,0,0,0
"710","Gujarat","India",2020-03-05,0,0,0
"711","Gujarat","India",2020-03-06,0,0,0
"712","Gujarat","India",2020-03-07,0,0,0
"713","Gujarat","India",2020-03-08,0,0,0
"714","Gujarat","India",2020-03-09,0,0,0
"715","Gujarat","India",2020-03-10,0,0,0
"716","Gujarat","India",2020-03-11,0,0,0
"717","Gujarat","India",2020-03-12,0,0,0
"718","Gujarat","India",2020-03-13,0,0,0
"719","Gujarat","India",2020-03-14,0,0,0
"720","Gujarat","India",2020-03-15,0,0,0
"721","Gujarat","India",2020-03-16,0,0,0
"722","Gujarat","India",2020-03-17,0,0,0
"723","Gujarat","India",2020-03-18,0,0,0
"724","Gujarat","India",2020-03-19,0,0,0
"725","Gujarat","India",2020-03-20,5,0,0
"726","Gujarat","India",2020-03-21,7,0,0
"727","Gujarat","India",2020-03-22,18,0,1
"728","Gujarat","India",2020-03-23,29,0,1
"729","Gujarat","India",2020-03-24,33,0,1
"730","Gujarat","India",2020-03-25,38,0,1
"731","Gujarat","India",2020-03-26,43,0,3
"732","Gujarat","India",2020-03-27,43,0,3
"733","Gujarat","India",2020-03-28,45,0,3
"734","Gujarat","India",2020-03-29,58,1,5
"735","Gujarat","India",2020-03-30,58,1,5
"736","Gujarat","India",2020-03-31,73,3,6
"737","Gujarat","India",2020-04-01,74,5,6
"738","Gujarat","India",2020-04-02,87,8,7
"739","Gujarat","India",2020-04-03,95,10,8
"740","Gujarat","India",2020-04-04,105,14,10
"741","Haryana","India",2020-01-22,0,0,0
"742","Haryana","India",2020-01-23,0,0,0
"743","Haryana","India",2020-01-24,0,0,0
"744","Haryana","India",2020-01-25,0,0,0
"745","Haryana","India",2020-01-26,0,0,0
"746","Haryana","India",2020-01-27,0,0,0
"747","Haryana","India",2020-01-28,0,0,0
"748","Haryana","India",2020-01-29,0,0,0
"749","Haryana","India",2020-01-30,0,0,0
"750","Haryana","India",2020-01-31,0,0,0
"751","Haryana","India",2020-02-01,0,0,0
"752","Haryana","India",2020-02-02,0,0,0
"753","Haryana","India",2020-02-03,0,0,0
"754","Haryana","India",2020-02-04,0,0,0
"755","Haryana","India",2020-02-05,0,0,0
"756","Haryana","India",2020-02-06,0,0,0
"757","Haryana","India",2020-02-07,0,0,0
"758","Haryana","India",2020-02-08,0,0,0
"759","Haryana","India",2020-02-09,0,0,0
"760","Haryana","India",2020-02-10,0,0,0
"761","Haryana","India",2020-02-11,0,0,0
"762","Haryana","India",2020-02-12,0,0,0
"763","Haryana","India",2020-02-13,0,0,0
"764","Haryana","India",2020-02-14,0,0,0
"765","Haryana","India",2020-02-15,0,0,0
"766","Haryana","India",2020-02-16,0,0,0
"767","Haryana","India",2020-02-17,0,0,0
"768","Haryana","India",2020-02-18,0,0,0
"769","Haryana","India",2020-02-19,0,0,0
"770","Haryana","India",2020-02-20,0,0,0
"771","Haryana","India",2020-02-21,0,0,0
"772","Haryana","India",2020-02-22,0,0,0
"773","Haryana","India",2020-02-23,0,0,0
"774","Haryana","India",2020-02-24,0,0,0
"775","Haryana","India",2020-02-25,0,0,0
"776","Haryana","India",2020-02-26,0,0,0
"777","Haryana","India",2020-02-27,0,0,0
"778","Haryana","India",2020-02-28,0,0,0
"779","Haryana","India",2020-02-29,0,0,0
"780","Haryana","India",2020-03-01,0,0,0
"781","Haryana","India",2020-03-02,0,0,0
"782","Haryana","India",2020-03-03,0,0,0
"783","Haryana","India",2020-03-04,2,0,0
"784","Haryana","India",2020-03-05,2,0,0
"785","Haryana","India",2020-03-06,2,0,0
"786","Haryana","India",2020-03-07,2,0,0
"787","Haryana","India",2020-03-08,2,0,0
"788","Haryana","India",2020-03-09,2,0,0
"789","Haryana","India",2020-03-10,2,0,0
"790","Haryana","India",2020-03-11,14,0,0
"791","Haryana","India",2020-03-12,14,0,0
"792","Haryana","India",2020-03-13,14,0,0
"793","Haryana","India",2020-03-14,14,0,0
"794","Haryana","India",2020-03-15,14,0,0
"795","Haryana","India",2020-03-16,14,0,0
"796","Haryana","India",2020-03-17,15,0,0
"797","Haryana","India",2020-03-18,17,0,0
"798","Haryana","India",2020-03-19,17,0,0
"799","Haryana","India",2020-03-20,17,0,0
"800","Haryana","India",2020-03-21,17,0,0
"801","Haryana","India",2020-03-22,21,0,0
"802","Haryana","India",2020-03-23,26,11,0
"803","Haryana","India",2020-03-24,28,11,0
"804","Haryana","India",2020-03-25,28,11,0
"805","Haryana","India",2020-03-26,30,11,0
"806","Haryana","India",2020-03-27,30,11,0
"807","Haryana","India",2020-03-28,33,12,0
"808","Haryana","India",2020-03-29,33,17,0
"809","Haryana","India",2020-03-30,33,17,0
"810","Haryana","India",2020-03-31,40,21,0
"811","Haryana","India",2020-04-01,43,21,0
"812","Haryana","India",2020-04-02,43,21,0
"813","Haryana","India",2020-04-03,49,24,0
"814","Haryana","India",2020-04-04,49,24,0
"815","Himachal Pradesh","India",2020-01-22,0,0,0
"816","Himachal Pradesh","India",2020-01-23,0,0,0
"817","Himachal Pradesh","India",2020-01-24,0,0,0
"818","Himachal Pradesh","India",2020-01-25,0,0,0
"819","Himachal Pradesh","India",2020-01-26,0,0,0
"820","Himachal Pradesh","India",2020-01-27,0,0,0
"821","Himachal Pradesh","India",2020-01-28,0,0,0
"822","Himachal Pradesh","India",2020-01-29,0,0,0
"823","Himachal Pradesh","India",2020-01-30,0,0,0
"824","Himachal Pradesh","India",2020-01-31,0,0,0
"825","Himachal Pradesh","India",2020-02-01,0,0,0
"826","Himachal Pradesh","India",2020-02-02,0,0,0
"827","Himachal Pradesh","India",2020-02-03,0,0,0
"828","Himachal Pradesh","India",2020-02-04,0,0,0
"829","Himachal Pradesh","India",2020-02-05,0,0,0
"830","Himachal Pradesh","India",2020-02-06,0,0,0
"831","Himachal Pradesh","India",2020-02-07,0,0,0
"832","Himachal Pradesh","India",2020-02-08,0,0,0
"833","Himachal Pradesh","India",2020-02-09,0,0,0
"834","Himachal Pradesh","India",2020-02-10,0,0,0
"835","Himachal Pradesh","India",2020-02-11,0,0,0
"836","Himachal Pradesh","India",2020-02-12,0,0,0
"837","Himachal Pradesh","India",2020-02-13,0,0,0
"838","Himachal Pradesh","India",2020-02-14,0,0,0
"839","Himachal Pradesh","India",2020-02-15,0,0,0
"840","Himachal Pradesh","India",2020-02-16,0,0,0
"841","Himachal Pradesh","India",2020-02-17,0,0,0
"842","Himachal Pradesh","India",2020-02-18,0,0,0
"843","Himachal Pradesh","India",2020-02-19,0,0,0
"844","Himachal Pradesh","India",2020-02-20,0,0,0
"845","Himachal Pradesh","India",2020-02-21,0,0,0
"846","Himachal Pradesh","India",2020-02-22,0,0,0
"847","Himachal Pradesh","India",2020-02-23,0,0,0
"848","Himachal Pradesh","India",2020-02-24,0,0,0
"849","Himachal Pradesh","India",2020-02-25,0,0,0
"850","Himachal Pradesh","India",2020-02-26,0,0,0
"851","Himachal Pradesh","India",2020-02-27,0,0,0
"852","Himachal Pradesh","India",2020-02-28,0,0,0
"853","Himachal Pradesh","India",2020-02-29,0,0,0
"854","Himachal Pradesh","India",2020-03-01,0,0,0
"855","Himachal Pradesh","India",2020-03-02,0,0,0
"856","Himachal Pradesh","India",2020-03-03,0,0,0
"857","Himachal Pradesh","India",2020-03-04,0,0,0
"858","Himachal Pradesh","India",2020-03-05,0,0,0
"859","Himachal Pradesh","India",2020-03-06,0,0,0
"860","Himachal Pradesh","India",2020-03-07,0,0,0
"861","Himachal Pradesh","India",2020-03-08,0,0,0
"862","Himachal Pradesh","India",2020-03-09,0,0,0
"863","Himachal Pradesh","India",2020-03-10,0,0,0
"864","Himachal Pradesh","India",2020-03-11,0,0,0
"865","Himachal Pradesh","India",2020-03-12,0,0,0
"866","Himachal Pradesh","India",2020-03-13,0,0,0
"867","Himachal Pradesh","India",2020-03-14,0,0,0
"868","Himachal Pradesh","India",2020-03-15,0,0,0
"869","Himachal Pradesh","India",2020-03-16,0,0,0
"870","Himachal Pradesh","India",2020-03-17,0,0,0
"871","Himachal Pradesh","India",2020-03-18,0,0,0
"872","Himachal Pradesh","India",2020-03-19,0,0,0
"873","Himachal Pradesh","India",2020-03-20,0,0,0
"874","Himachal Pradesh","India",2020-03-21,2,0,0
"875","Himachal Pradesh","India",2020-03-22,2,0,0
"876","Himachal Pradesh","India",2020-03-23,3,0,1
"877","Himachal Pradesh","India",2020-03-24,3,0,1
"878","Himachal Pradesh","India",2020-03-25,3,0,1
"879","Himachal Pradesh","India",2020-03-26,3,0,1
"880","Himachal Pradesh","India",2020-03-27,3,0,1
"881","Himachal Pradesh","India",2020-03-28,3,0,1
"882","Himachal Pradesh","India",2020-03-29,3,0,1
"883","Himachal Pradesh","India",2020-03-30,3,0,1
"884","Himachal Pradesh","India",2020-03-31,3,0,1
"885","Himachal Pradesh","India",2020-04-01,3,0,1
"886","Himachal Pradesh","India",2020-04-02,3,1,1
"887","Himachal Pradesh","India",2020-04-03,6,1,1
"888","Himachal Pradesh","India",2020-04-04,6,1,1
"889","Jammu and Kashmir","India",2020-01-22,0,0,0
"890","Jammu and Kashmir","India",2020-01-23,0,0,0
"891","Jammu and Kashmir","India",2020-01-24,0,0,0
"892","Jammu and Kashmir","India",2020-01-25,0,0,0
"893","Jammu and Kashmir","India",2020-01-26,0,0,0
"894","Jammu and Kashmir","India",2020-01-27,0,0,0
"895","Jammu and Kashmir","India",2020-01-28,0,0,0
"896","Jammu and Kashmir","India",2020-01-29,0,0,0
"897","Jammu and Kashmir","India",2020-01-30,0,0,0
"898","Jammu and Kashmir","India",2020-01-31,0,0,0
"899","Jammu and Kashmir","India",2020-02-01,0,0,0
"900","Jammu and Kashmir","India",2020-02-02,0,0,0
"901","Jammu and Kashmir","India",2020-02-03,0,0,0
"902","Jammu and Kashmir","India",2020-02-04,0,0,0
"903","Jammu and Kashmir","India",2020-02-05,0,0,0
"904","Jammu and Kashmir","India",2020-02-06,0,0,0
"905","Jammu and Kashmir","India",2020-02-07,0,0,0
"906","Jammu and Kashmir","India",2020-02-08,0,0,0
"907","Jammu and Kashmir","India",2020-02-09,0,0,0
"908","Jammu and Kashmir","India",2020-02-10,0,0,0
"909","Jammu and Kashmir","India",2020-02-11,0,0,0
"910","Jammu and Kashmir","India",2020-02-12,0,0,0
"911","Jammu and Kashmir","India",2020-02-13,0,0,0
"912","Jammu and Kashmir","India",2020-02-14,0,0,0
"913","Jammu and Kashmir","India",2020-02-15,0,0,0
"914","Jammu and Kashmir","India",2020-02-16,0,0,0
"915","Jammu and Kashmir","India",2020-02-17,0,0,0
"916","Jammu and Kashmir","India",2020-02-18,0,0,0
"917","Jammu and Kashmir","India",2020-02-19,0,0,0
"918","Jammu and Kashmir","India",2020-02-20,0,0,0
"919","Jammu and Kashmir","India",2020-02-21,0,0,0
"920","Jammu and Kashmir","India",2020-02-22,0,0,0
"921","Jammu and Kashmir","India",2020-02-23,0,0,0
"922","Jammu and Kashmir","India",2020-02-24,0,0,0
"923","Jammu and Kashmir","India",2020-02-25,0,0,0
"924","Jammu and Kashmir","India",2020-02-26,0,0,0
"925","Jammu and Kashmir","India",2020-02-27,0,0,0
"926","Jammu and Kashmir","India",2020-02-28,0,0,0
"927","Jammu and Kashmir","India",2020-02-29,0,0,0
"928","Jammu and Kashmir","India",2020-03-01,0,0,0
"929","Jammu and Kashmir","India",2020-03-02,0,0,0
"930","Jammu and Kashmir","India",2020-03-03,0,0,0
"931","Jammu and Kashmir","India",2020-03-04,0,0,0
"932","Jammu and Kashmir","India",2020-03-05,0,0,0
"933","Jammu and Kashmir","India",2020-03-06,0,0,0
"934","Jammu and Kashmir","India",2020-03-07,0,0,0
"935","Jammu and Kashmir","India",2020-03-08,0,0,0
"936","Jammu and Kashmir","India",2020-03-09,1,0,0
"937","Jammu and Kashmir","India",2020-03-10,1,0,0
"938","Jammu and Kashmir","India",2020-03-11,1,0,0
"939","Jammu and Kashmir","India",2020-03-12,1,0,0
"940","Jammu and Kashmir","India",2020-03-13,1,0,0
"941","Jammu and Kashmir","India",2020-03-14,2,0,0
"942","Jammu and Kashmir","India",2020-03-15,2,0,0
"943","Jammu and Kashmir","India",2020-03-16,3,0,0
"944","Jammu and Kashmir","India",2020-03-17,3,0,0
"945","Jammu and Kashmir","India",2020-03-18,3,0,0
"946","Jammu and Kashmir","India",2020-03-19,4,0,0
"947","Jammu and Kashmir","India",2020-03-20,4,0,0
"948","Jammu and Kashmir","India",2020-03-21,4,0,0
"949","Jammu and Kashmir","India",2020-03-22,4,0,0
"950","Jammu and Kashmir","India",2020-03-23,4,0,0
"951","Jammu and Kashmir","India",2020-03-24,4,0,0
"952","Jammu and Kashmir","India",2020-03-25,7,1,0
"953","Jammu and Kashmir","India",2020-03-26,13,1,1
"954","Jammu and Kashmir","India",2020-03-27,13,1,1
"955","Jammu and Kashmir","India",2020-03-28,20,1,1
"956","Jammu and Kashmir","India",2020-03-29,31,1,2
"957","Jammu and Kashmir","India",2020-03-30,31,1,2
"958","Jammu and Kashmir","India",2020-03-31,54,2,2
"959","Jammu and Kashmir","India",2020-04-01,55,2,2
"960","Jammu and Kashmir","India",2020-04-02,62,2,2
"961","Jammu and Kashmir","India",2020-04-03,75,3,2
"962","Jammu and Kashmir","India",2020-04-04,75,3,2
"963","Jharkhand","India",2020-01-22,0,0,0
"964","Jharkhand","India",2020-01-23,0,0,0
"965","Jharkhand","India",2020-01-24,0,0,0
"966","Jharkhand","India",2020-01-25,0,0,0
"967","Jharkhand","India",2020-01-26,0,0,0
"968","Jharkhand","India",2020-01-27,0,0,0
"969","Jharkhand","India",2020-01-28,0,0,0
"970","Jharkhand","India",2020-01-29,0,0,0
"971","Jharkhand","India",2020-01-30,0,0,0
"972","Jharkhand","India",2020-01-31,0,0,0
"973","Jharkhand","India",2020-02-01,0,0,0
"974","Jharkhand","India",2020-02-02,0,0,0
"975","Jharkhand","India",2020-02-03,0,0,0
"976","Jharkhand","India",2020-02-04,0,0,0
"977","Jharkhand","India",2020-02-05,0,0,0
"978","Jharkhand","India",2020-02-06,0,0,0
"979","Jharkhand","India",2020-02-07,0,0,0
"980","Jharkhand","India",2020-02-08,0,0,0
"981","Jharkhand","India",2020-02-09,0,0,0
"982","Jharkhand","India",2020-02-10,0,0,0
"983","Jharkhand","India",2020-02-11,0,0,0
"984","Jharkhand","India",2020-02-12,0,0,0
"985","Jharkhand","India",2020-02-13,0,0,0
"986","Jharkhand","India",2020-02-14,0,0,0
"987","Jharkhand","India",2020-02-15,0,0,0
"988","Jharkhand","India",2020-02-16,0,0,0
"989","Jharkhand","India",2020-02-17,0,0,0
"990","Jharkhand","India",2020-02-18,0,0,0
"991","Jharkhand","India",2020-02-19,0,0,0
"992","Jharkhand","India",2020-02-20,0,0,0
"993","Jharkhand","India",2020-02-21,0,0,0
"994","Jharkhand","India",2020-02-22,0,0,0
"995","Jharkhand","India",2020-02-23,0,0,0
"996","Jharkhand","India",2020-02-24,0,0,0
"997","Jharkhand","India",2020-02-25,0,0,0
"998","Jharkhand","India",2020-02-26,0,0,0
"999","Jharkhand","India",2020-02-27,0,0,0
"1000","Jharkhand","India",2020-02-28,0,0,0
"1001","Jharkhand","India",2020-02-29,0,0,0
"1002","Jharkhand","India",2020-03-01,0,0,0
"1003","Jharkhand","India",2020-03-02,0,0,0
"1004","Jharkhand","India",2020-03-03,0,0,0
"1005","Jharkhand","India",2020-03-04,0,0,0
"1006","Jharkhand","India",2020-03-05,0,0,0
"1007","Jharkhand","India",2020-03-06,0,0,0
"1008","Jharkhand","India",2020-03-07,0,0,0
"1009","Jharkhand","India",2020-03-08,0,0,0
"1010","Jharkhand","India",2020-03-09,0,0,0
"1011","Jharkhand","India",2020-03-10,0,0,0
"1012","Jharkhand","India",2020-03-11,0,0,0
"1013","Jharkhand","India",2020-03-12,0,0,0
"1014","Jharkhand","India",2020-03-13,0,0,0
"1015","Jharkhand","India",2020-03-14,0,0,0
"1016","Jharkhand","India",2020-03-15,0,0,0
"1017","Jharkhand","India",2020-03-16,0,0,0
"1018","Jharkhand","India",2020-03-17,0,0,0
"1019","Jharkhand","India",2020-03-18,0,0,0
"1020","Jharkhand","India",2020-03-19,0,0,0
"1021","Jharkhand","India",2020-03-20,0,0,0
"1022","Jharkhand","India",2020-03-21,0,0,0
"1023","Jharkhand","India",2020-03-22,0,0,0
"1024","Jharkhand","India",2020-03-23,0,0,0
"1025","Jharkhand","India",2020-03-24,0,0,0
"1026","Jharkhand","India",2020-03-25,0,0,0
"1027","Jharkhand","India",2020-03-26,0,0,0
"1028","Jharkhand","India",2020-03-27,0,0,0
"1029","Jharkhand","India",2020-03-28,0,0,0
"1030","Jharkhand","India",2020-03-29,0,0,0
"1031","Jharkhand","India",2020-03-30,0,0,0
"1032","Jharkhand","India",2020-03-31,0,0,0
"1033","Jharkhand","India",2020-04-01,0,0,0
"1034","Jharkhand","India",2020-04-02,1,0,0
"1035","Jharkhand","India",2020-04-03,2,0,0
"1036","Jharkhand","India",2020-04-04,2,0,0
"1037","Karnataka","India",2020-01-22,0,0,0
"1038","Karnataka","India",2020-01-23,0,0,0
"1039","Karnataka","India",2020-01-24,0,0,0
"1040","Karnataka","India",2020-01-25,0,0,0
"1041","Karnataka","India",2020-01-26,0,0,0
"1042","Karnataka","India",2020-01-27,0,0,0
"1043","Karnataka","India",2020-01-28,0,0,0
"1044","Karnataka","India",2020-01-29,0,0,0
"1045","Karnataka","India",2020-01-30,0,0,0
"1046","Karnataka","India",2020-01-31,0,0,0
"1047","Karnataka","India",2020-02-01,0,0,0
"1048","Karnataka","India",2020-02-02,0,0,0
"1049","Karnataka","India",2020-02-03,0,0,0
"1050","Karnataka","India",2020-02-04,0,0,0
"1051","Karnataka","India",2020-02-05,0,0,0
"1052","Karnataka","India",2020-02-06,0,0,0
"1053","Karnataka","India",2020-02-07,0,0,0
"1054","Karnataka","India",2020-02-08,0,0,0
"1055","Karnataka","India",2020-02-09,0,0,0
"1056","Karnataka","India",2020-02-10,0,0,0
"1057","Karnataka","India",2020-02-11,0,0,0
"1058","Karnataka","India",2020-02-12,0,0,0
"1059","Karnataka","India",2020-02-13,0,0,0
"1060","Karnataka","India",2020-02-14,0,0,0
"1061","Karnataka","India",2020-02-15,0,0,0
"1062","Karnataka","India",2020-02-16,0,0,0
"1063","Karnataka","India",2020-02-17,0,0,0
"1064","Karnataka","India",2020-02-18,0,0,0
"1065","Karnataka","India",2020-02-19,0,0,0
"1066","Karnataka","India",2020-02-20,0,0,0
"1067","Karnataka","India",2020-02-21,0,0,0
"1068","Karnataka","India",2020-02-22,0,0,0
"1069","Karnataka","India",2020-02-23,0,0,0
"1070","Karnataka","India",2020-02-24,0,0,0
"1071","Karnataka","India",2020-02-25,0,0,0
"1072","Karnataka","India",2020-02-26,0,0,0
"1073","Karnataka","India",2020-02-27,0,0,0
"1074","Karnataka","India",2020-02-28,0,0,0
"1075","Karnataka","India",2020-02-29,0,0,0
"1076","Karnataka","India",2020-03-01,0,0,0
"1077","Karnataka","India",2020-03-02,0,0,0
"1078","Karnataka","India",2020-03-03,0,0,0
"1079","Karnataka","India",2020-03-04,0,0,0
"1080","Karnataka","India",2020-03-05,0,0,0
"1081","Karnataka","India",2020-03-06,0,0,0
"1082","Karnataka","India",2020-03-07,0,0,0
"1083","Karnataka","India",2020-03-08,0,0,0
"1084","Karnataka","India",2020-03-09,1,0,0
"1085","Karnataka","India",2020-03-10,4,0,0
"1086","Karnataka","India",2020-03-11,4,0,0
"1087","Karnataka","India",2020-03-12,4,0,0
"1088","Karnataka","India",2020-03-13,6,0,1
"1089","Karnataka","India",2020-03-14,6,0,1
"1090","Karnataka","India",2020-03-15,6,0,1
"1091","Karnataka","India",2020-03-16,6,0,1
"1092","Karnataka","India",2020-03-17,11,0,1
"1093","Karnataka","India",2020-03-18,11,0,1
"1094","Karnataka","India",2020-03-19,14,0,1
"1095","Karnataka","India",2020-03-20,15,1,1
"1096","Karnataka","India",2020-03-21,15,1,1
"1097","Karnataka","India",2020-03-22,26,2,1
"1098","Karnataka","India",2020-03-23,33,2,1
"1099","Karnataka","India",2020-03-24,37,3,1
"1100","Karnataka","India",2020-03-25,41,3,1
"1101","Karnataka","India",2020-03-26,55,3,2
"1102","Karnataka","India",2020-03-27,55,3,2
"1103","Karnataka","India",2020-03-28,55,3,2
"1104","Karnataka","India",2020-03-29,76,5,3
"1105","Karnataka","India",2020-03-30,80,5,3
"1106","Karnataka","India",2020-03-31,83,5,3
"1107","Karnataka","India",2020-04-01,101,8,3
"1108","Karnataka","India",2020-04-02,110,9,3
"1109","Karnataka","India",2020-04-03,124,10,3
"1110","Karnataka","India",2020-04-04,128,12,3
"1111","Kerala","India",2020-01-22,0,0,0
"1112","Kerala","India",2020-01-23,0,0,0
"1113","Kerala","India",2020-01-24,0,0,0
"1114","Kerala","India",2020-01-25,0,0,0
"1115","Kerala","India",2020-01-26,0,0,0
"1116","Kerala","India",2020-01-27,0,0,0
"1117","Kerala","India",2020-01-28,0,0,0
"1118","Kerala","India",2020-01-29,0,0,0
"1119","Kerala","India",2020-01-30,1,0,0
"1120","Kerala","India",2020-01-31,1,0,0
"1121","Kerala","India",2020-02-01,2,0,0
"1122","Kerala","India",2020-02-02,3,0,0
"1123","Kerala","India",2020-02-03,3,0,0
"1124","Kerala","India",2020-02-04,3,0,0
"1125","Kerala","India",2020-02-05,3,0,0
"1126","Kerala","India",2020-02-06,3,0,0
"1127","Kerala","India",2020-02-07,3,0,0
"1128","Kerala","India",2020-02-08,3,0,0
"1129","Kerala","India",2020-02-09,3,0,0
"1130","Kerala","India",2020-02-10,3,0,0
"1131","Kerala","India",2020-02-11,3,0,0
"1132","Kerala","India",2020-02-12,3,0,0
"1133","Kerala","India",2020-02-13,3,0,0
"1134","Kerala","India",2020-02-14,3,0,0
"1135","Kerala","India",2020-02-15,3,0,0
"1136","Kerala","India",2020-02-16,3,0,0
"1137","Kerala","India",2020-02-17,3,0,0
"1138","Kerala","India",2020-02-18,3,0,0
"1139","Kerala","India",2020-02-19,3,0,0
"1140","Kerala","India",2020-02-20,3,0,0
"1141","Kerala","India",2020-02-21,3,0,0
"1142","Kerala","India",2020-02-22,3,0,0
"1143","Kerala","India",2020-02-23,3,0,0
"1144","Kerala","India",2020-02-24,3,0,0
"1145","Kerala","India",2020-02-25,3,0,0
"1146","Kerala","India",2020-02-26,3,0,0
"1147","Kerala","India",2020-02-27,3,0,0
"1148","Kerala","India",2020-02-28,3,0,0
"1149","Kerala","India",2020-02-29,3,0,0
"1150","Kerala","India",2020-03-01,3,0,0
"1151","Kerala","India",2020-03-02,3,0,0
"1152","Kerala","India",2020-03-03,3,3,0
"1153","Kerala","India",2020-03-04,3,3,0
"1154","Kerala","India",2020-03-05,3,3,0
"1155","Kerala","India",2020-03-06,3,3,0
"1156","Kerala","India",2020-03-07,3,3,0
"1157","Kerala","India",2020-03-08,8,3,0
"1158","Kerala","India",2020-03-09,9,3,0
"1159","Kerala","India",2020-03-10,15,3,0
"1160","Kerala","India",2020-03-11,17,3,0
"1161","Kerala","India",2020-03-12,17,3,0
"1162","Kerala","India",2020-03-13,19,3,0
"1163","Kerala","India",2020-03-14,19,3,0
"1164","Kerala","India",2020-03-15,22,3,0
"1165","Kerala","India",2020-03-16,23,3,0
"1166","Kerala","India",2020-03-17,26,3,0
"1167","Kerala","India",2020-03-18,27,3,0
"1168","Kerala","India",2020-03-19,27,3,0
"1169","Kerala","India",2020-03-20,28,3,0
"1170","Kerala","India",2020-03-21,40,3,0
"1171","Kerala","India",2020-03-22,52,3,0
"1172","Kerala","India",2020-03-23,67,3,0
"1173","Kerala","India",2020-03-24,95,4,0
"1174","Kerala","India",2020-03-25,109,4,0
"1175","Kerala","India",2020-03-26,118,6,0
"1176","Kerala","India",2020-03-27,137,11,0
"1177","Kerala","India",2020-03-28,176,11,0
"1178","Kerala","India",2020-03-29,182,15,1
"1179","Kerala","India",2020-03-30,194,19,1
"1180","Kerala","India",2020-03-31,234,19,1
"1181","Kerala","India",2020-04-01,241,23,2
"1182","Kerala","India",2020-04-02,265,25,2
"1183","Kerala","India",2020-04-03,286,27,2
"1184","Kerala","India",2020-04-04,295,41,2
"1185","Ladakh","India",2020-01-22,0,0,0
"1186","Ladakh","India",2020-01-23,0,0,0
"1187","Ladakh","India",2020-01-24,0,0,0
"1188","Ladakh","India",2020-01-25,0,0,0
"1189","Ladakh","India",2020-01-26,0,0,0
"1190","Ladakh","India",2020-01-27,0,0,0
"1191","Ladakh","India",2020-01-28,0,0,0
"1192","Ladakh","India",2020-01-29,0,0,0
"1193","Ladakh","India",2020-01-30,0,0,0
"1194","Ladakh","India",2020-01-31,0,0,0
"1195","Ladakh","India",2020-02-01,0,0,0
"1196","Ladakh","India",2020-02-02,0,0,0
"1197","Ladakh","India",2020-02-03,0,0,0
"1198","Ladakh","India",2020-02-04,0,0,0
"1199","Ladakh","India",2020-02-05,0,0,0
"1200","Ladakh","India",2020-02-06,0,0,0
"1201","Ladakh","India",2020-02-07,0,0,0
"1202","Ladakh","India",2020-02-08,0,0,0
"1203","Ladakh","India",2020-02-09,0,0,0
"1204","Ladakh","India",2020-02-10,0,0,0
"1205","Ladakh","India",2020-02-11,0,0,0
"1206","Ladakh","India",2020-02-12,0,0,0
"1207","Ladakh","India",2020-02-13,0,0,0
"1208","Ladakh","India",2020-02-14,0,0,0
"1209","Ladakh","India",2020-02-15,0,0,0
"1210","Ladakh","India",2020-02-16,0,0,0
"1211","Ladakh","India",2020-02-17,0,0,0
"1212","Ladakh","India",2020-02-18,0,0,0
"1213","Ladakh","India",2020-02-19,0,0,0
"1214","Ladakh","India",2020-02-20,0,0,0
"1215","Ladakh","India",2020-02-21,0,0,0
"1216","Ladakh","India",2020-02-22,0,0,0
"1217","Ladakh","India",2020-02-23,0,0,0
"1218","Ladakh","India",2020-02-24,0,0,0
"1219","Ladakh","India",2020-02-25,0,0,0
"1220","Ladakh","India",2020-02-26,0,0,0
"1221","Ladakh","India",2020-02-27,0,0,0
"1222","Ladakh","India",2020-02-28,0,0,0
"1223","Ladakh","India",2020-02-29,0,0,0
"1224","Ladakh","India",2020-03-01,0,0,0
"1225","Ladakh","India",2020-03-02,0,0,0
"1226","Ladakh","India",2020-03-03,0,0,0
"1227","Ladakh","India",2020-03-04,0,0,0
"1228","Ladakh","India",2020-03-05,0,0,0
"1229","Ladakh","India",2020-03-06,0,0,0
"1230","Ladakh","India",2020-03-07,2,0,0
"1231","Ladakh","India",2020-03-08,2,0,0
"1232","Ladakh","India",2020-03-09,2,0,0
"1233","Ladakh","India",2020-03-10,2,0,0
"1234","Ladakh","India",2020-03-11,2,0,0
"1235","Ladakh","India",2020-03-12,3,0,0
"1236","Ladakh","India",2020-03-13,3,0,0
"1237","Ladakh","India",2020-03-14,3,0,0
"1238","Ladakh","India",2020-03-15,3,0,0
"1239","Ladakh","India",2020-03-16,4,0,0
"1240","Ladakh","India",2020-03-17,6,0,0
"1241","Ladakh","India",2020-03-18,8,0,0
"1242","Ladakh","India",2020-03-19,8,0,0
"1243","Ladakh","India",2020-03-20,10,0,0
"1244","Ladakh","India",2020-03-21,13,0,0
"1245","Ladakh","India",2020-03-22,13,0,0
"1246","Ladakh","India",2020-03-23,13,0,0
"1247","Ladakh","India",2020-03-24,13,0,0
"1248","Ladakh","India",2020-03-25,13,0,0
"1249","Ladakh","India",2020-03-26,13,0,0
"1250","Ladakh","India",2020-03-27,13,3,0
"1251","Ladakh","India",2020-03-28,13,3,0
"1252","Ladakh","India",2020-03-29,13,3,0
"1253","Ladakh","India",2020-03-30,13,3,0
"1254","Ladakh","India",2020-03-31,13,3,0
"1255","Ladakh","India",2020-04-01,13,3,0
"1256","Ladakh","India",2020-04-02,13,3,0
"1257","Ladakh","India",2020-04-03,14,3,0
"1258","Ladakh","India",2020-04-04,14,3,0
"1259","Madhya Pradesh","India",2020-01-22,0,0,0
"1260","Madhya Pradesh","India",2020-01-23,0,0,0
"1261","Madhya Pradesh","India",2020-01-24,0,0,0
"1262","Madhya Pradesh","India",2020-01-25,0,0,0
"1263","Madhya Pradesh","India",2020-01-26,0,0,0
"1264","Madhya Pradesh","India",2020-01-27,0,0,0
"1265","Madhya Pradesh","India",2020-01-28,0,0,0
"1266","Madhya Pradesh","India",2020-01-29,0,0,0
"1267","Madhya Pradesh","India",2020-01-30,0,0,0
"1268","Madhya Pradesh","India",2020-01-31,0,0,0
"1269","Madhya Pradesh","India",2020-02-01,0,0,0
"1270","Madhya Pradesh","India",2020-02-02,0,0,0
"1271","Madhya Pradesh","India",2020-02-03,0,0,0
"1272","Madhya Pradesh","India",2020-02-04,0,0,0
"1273","Madhya Pradesh","India",2020-02-05,0,0,0
"1274","Madhya Pradesh","India",2020-02-06,0,0,0
"1275","Madhya Pradesh","India",2020-02-07,0,0,0
"1276","Madhya Pradesh","India",2020-02-08,0,0,0
"1277","Madhya Pradesh","India",2020-02-09,0,0,0
"1278","Madhya Pradesh","India",2020-02-10,0,0,0
"1279","Madhya Pradesh","India",2020-02-11,0,0,0
"1280","Madhya Pradesh","India",2020-02-12,0,0,0
"1281","Madhya Pradesh","India",2020-02-13,0,0,0
"1282","Madhya Pradesh","India",2020-02-14,0,0,0
"1283","Madhya Pradesh","India",2020-02-15,0,0,0
"1284","Madhya Pradesh","India",2020-02-16,0,0,0
"1285","Madhya Pradesh","India",2020-02-17,0,0,0
"1286","Madhya Pradesh","India",2020-02-18,0,0,0
"1287","Madhya Pradesh","India",2020-02-19,0,0,0
"1288","Madhya Pradesh","India",2020-02-20,0,0,0
"1289","Madhya Pradesh","India",2020-02-21,0,0,0
"1290","Madhya Pradesh","India",2020-02-22,0,0,0
"1291","Madhya Pradesh","India",2020-02-23,0,0,0
"1292","Madhya Pradesh","India",2020-02-24,0,0,0
"1293","Madhya Pradesh","India",2020-02-25,0,0,0
"1294","Madhya Pradesh","India",2020-02-26,0,0,0
"1295","Madhya Pradesh","India",2020-02-27,0,0,0
"1296","Madhya Pradesh","India",2020-02-28,0,0,0
"1297","Madhya Pradesh","India",2020-02-29,0,0,0
"1298","Madhya Pradesh","India",2020-03-01,0,0,0
"1299","Madhya Pradesh","India",2020-03-02,0,0,0
"1300","Madhya Pradesh","India",2020-03-03,0,0,0
"1301","Madhya Pradesh","India",2020-03-04,0,0,0
"1302","Madhya Pradesh","India",2020-03-05,0,0,0
"1303","Madhya Pradesh","India",2020-03-06,0,0,0
"1304","Madhya Pradesh","India",2020-03-07,0,0,0
"1305","Madhya Pradesh","India",2020-03-08,0,0,0
"1306","Madhya Pradesh","India",2020-03-09,0,0,0
"1307","Madhya Pradesh","India",2020-03-10,0,0,0
"1308","Madhya Pradesh","India",2020-03-11,0,0,0
"1309","Madhya Pradesh","India",2020-03-12,0,0,0
"1310","Madhya Pradesh","India",2020-03-13,0,0,0
"1311","Madhya Pradesh","India",2020-03-14,0,0,0
"1312","Madhya Pradesh","India",2020-03-15,0,0,0
"1313","Madhya Pradesh","India",2020-03-16,0,0,0
"1314","Madhya Pradesh","India",2020-03-17,0,0,0
"1315","Madhya Pradesh","India",2020-03-18,0,0,0
"1316","Madhya Pradesh","India",2020-03-19,0,0,0
"1317","Madhya Pradesh","India",2020-03-20,0,0,0
"1318","Madhya Pradesh","India",2020-03-21,4,0,0
"1319","Madhya Pradesh","India",2020-03-22,4,0,0
"1320","Madhya Pradesh","India",2020-03-23,6,0,0
"1321","Madhya Pradesh","India",2020-03-24,7,0,0
"1322","Madhya Pradesh","India",2020-03-25,14,0,0
"1323","Madhya Pradesh","India",2020-03-26,20,0,1
"1324","Madhya Pradesh","India",2020-03-27,20,0,1
"1325","Madhya Pradesh","India",2020-03-28,30,0,2
"1326","Madhya Pradesh","India",2020-03-29,30,0,2
"1327","Madhya Pradesh","India",2020-03-30,33,0,2
"1328","Madhya Pradesh","India",2020-03-31,47,0,3
"1329","Madhya Pradesh","India",2020-04-01,47,0,3
"1330","Madhya Pradesh","India",2020-04-02,99,0,6
"1331","Madhya Pradesh","India",2020-04-03,104,0,6
"1332","Madhya Pradesh","India",2020-04-04,104,0,6
"1333","Maharashtra","India",2020-01-22,0,0,0
"1334","Maharashtra","India",2020-01-23,0,0,0
"1335","Maharashtra","India",2020-01-24,0,0,0
"1336","Maharashtra","India",2020-01-25,0,0,0
"1337","Maharashtra","India",2020-01-26,0,0,0
"1338","Maharashtra","India",2020-01-27,0,0,0
"1339","Maharashtra","India",2020-01-28,0,0,0
"1340","Maharashtra","India",2020-01-29,0,0,0
"1341","Maharashtra","India",2020-01-30,0,0,0
"1342","Maharashtra","India",2020-01-31,0,0,0
"1343","Maharashtra","India",2020-02-01,0,0,0
"1344","Maharashtra","India",2020-02-02,0,0,0
"1345","Maharashtra","India",2020-02-03,0,0,0
"1346","Maharashtra","India",2020-02-04,0,0,0
"1347","Maharashtra","India",2020-02-05,0,0,0
"1348","Maharashtra","India",2020-02-06,0,0,0
"1349","Maharashtra","India",2020-02-07,0,0,0
"1350","Maharashtra","India",2020-02-08,0,0,0
"1351","Maharashtra","India",2020-02-09,0,0,0
"1352","Maharashtra","India",2020-02-10,0,0,0
"1353","Maharashtra","India",2020-02-11,0,0,0
"1354","Maharashtra","India",2020-02-12,0,0,0
"1355","Maharashtra","India",2020-02-13,0,0,0
"1356","Maharashtra","India",2020-02-14,0,0,0
"1357","Maharashtra","India",2020-02-15,0,0,0
"1358","Maharashtra","India",2020-02-16,0,0,0
"1359","Maharashtra","India",2020-02-17,0,0,0
"1360","Maharashtra","India",2020-02-18,0,0,0
"1361","Maharashtra","India",2020-02-19,0,0,0
"1362","Maharashtra","India",2020-02-20,0,0,0
"1363","Maharashtra","India",2020-02-21,0,0,0
"1364","Maharashtra","India",2020-02-22,0,0,0
"1365","Maharashtra","India",2020-02-23,0,0,0
"1366","Maharashtra","India",2020-02-24,0,0,0
"1367","Maharashtra","India",2020-02-25,0,0,0
"1368","Maharashtra","India",2020-02-26,0,0,0
"1369","Maharashtra","India",2020-02-27,0,0,0
"1370","Maharashtra","India",2020-02-28,0,0,0
"1371","Maharashtra","India",2020-02-29,0,0,0
"1372","Maharashtra","India",2020-03-01,0,0,0
"1373","Maharashtra","India",2020-03-02,0,0,0
"1374","Maharashtra","India",2020-03-03,0,0,0
"1375","Maharashtra","India",2020-03-04,0,0,0
"1376","Maharashtra","India",2020-03-05,0,0,0
"1377","Maharashtra","India",2020-03-06,0,0,0
"1378","Maharashtra","India",2020-03-07,0,0,0
"1379","Maharashtra","India",2020-03-08,0,0,0
"1380","Maharashtra","India",2020-03-09,2,0,0
"1381","Maharashtra","India",2020-03-10,5,0,0
"1382","Maharashtra","India",2020-03-11,5,0,0
"1383","Maharashtra","India",2020-03-12,11,0,0
"1384","Maharashtra","India",2020-03-13,14,0,0
"1385","Maharashtra","India",2020-03-14,14,0,0
"1386","Maharashtra","India",2020-03-15,32,0,0
"1387","Maharashtra","India",2020-03-16,32,0,0
"1388","Maharashtra","India",2020-03-17,39,0,1
"1389","Maharashtra","India",2020-03-18,42,0,1
"1390","Maharashtra","India",2020-03-19,47,0,1
"1391","Maharashtra","India",2020-03-20,52,0,1
"1392","Maharashtra","India",2020-03-21,63,0,1
"1393","Maharashtra","India",2020-03-22,67,0,2
"1394","Maharashtra","India",2020-03-23,74,0,2
"1395","Maharashtra","India",2020-03-24,89,0,2
"1396","Maharashtra","India",2020-03-25,124,1,3
"1397","Maharashtra","India",2020-03-26,124,1,3
"1398","Maharashtra","India",2020-03-27,130,15,4
"1399","Maharashtra","India",2020-03-28,180,25,5
"1400","Maharashtra","India",2020-03-29,186,25,6
"1401","Maharashtra","India",2020-03-30,193,25,8
"1402","Maharashtra","India",2020-03-31,216,39,9
"1403","Maharashtra","India",2020-04-01,302,39,9
"1404","Maharashtra","India",2020-04-02,335,42,13
"1405","Maharashtra","India",2020-04-03,335,42,16
"1406","Maharashtra","India",2020-04-04,490,42,24
"1407","Manipur","India",2020-01-22,0,0,0
"1408","Manipur","India",2020-01-23,0,0,0
"1409","Manipur","India",2020-01-24,0,0,0
"1410","Manipur","India",2020-01-25,0,0,0
"1411","Manipur","India",2020-01-26,0,0,0
"1412","Manipur","India",2020-01-27,0,0,0
"1413","Manipur","India",2020-01-28,0,0,0
"1414","Manipur","India",2020-01-29,0,0,0
"1415","Manipur","India",2020-01-30,0,0,0
"1416","Manipur","India",2020-01-31,0,0,0
"1417","Manipur","India",2020-02-01,0,0,0
"1418","Manipur","India",2020-02-02,0,0,0
"1419","Manipur","India",2020-02-03,0,0,0
"1420","Manipur","India",2020-02-04,0,0,0
"1421","Manipur","India",2020-02-05,0,0,0
"1422","Manipur","India",2020-02-06,0,0,0
"1423","Manipur","India",2020-02-07,0,0,0
"1424","Manipur","India",2020-02-08,0,0,0
"1425","Manipur","India",2020-02-09,0,0,0
"1426","Manipur","India",2020-02-10,0,0,0
"1427","Manipur","India",2020-02-11,0,0,0
"1428","Manipur","India",2020-02-12,0,0,0
"1429","Manipur","India",2020-02-13,0,0,0
"1430","Manipur","India",2020-02-14,0,0,0
"1431","Manipur","India",2020-02-15,0,0,0
"1432","Manipur","India",2020-02-16,0,0,0
"1433","Manipur","India",2020-02-17,0,0,0
"1434","Manipur","India",2020-02-18,0,0,0
"1435","Manipur","India",2020-02-19,0,0,0
"1436","Manipur","India",2020-02-20,0,0,0
"1437","Manipur","India",2020-02-21,0,0,0
"1438","Manipur","India",2020-02-22,0,0,0
"1439","Manipur","India",2020-02-23,0,0,0
"1440","Manipur","India",2020-02-24,0,0,0
"1441","Manipur","India",2020-02-25,0,0,0
"1442","Manipur","India",2020-02-26,0,0,0
"1443","Manipur","India",2020-02-27,0,0,0
"1444","Manipur","India",2020-02-28,0,0,0
"1445","Manipur","India",2020-02-29,0,0,0
"1446","Manipur","India",2020-03-01,0,0,0
"1447","Manipur","India",2020-03-02,0,0,0
"1448","Manipur","India",2020-03-03,0,0,0
"1449","Manipur","India",2020-03-04,0,0,0
"1450","Manipur","India",2020-03-05,0,0,0
"1451","Manipur","India",2020-03-06,0,0,0
"1452","Manipur","India",2020-03-07,0,0,0
"1453","Manipur","India",2020-03-08,0,0,0
"1454","Manipur","India",2020-03-09,0,0,0
"1455","Manipur","India",2020-03-10,0,0,0
"1456","Manipur","India",2020-03-11,0,0,0
"1457","Manipur","India",2020-03-12,0,0,0
"1458","Manipur","India",2020-03-13,0,0,0
"1459","Manipur","India",2020-03-14,0,0,0
"1460","Manipur","India",2020-03-15,0,0,0
"1461","Manipur","India",2020-03-16,0,0,0
"1462","Manipur","India",2020-03-17,0,0,0
"1463","Manipur","India",2020-03-18,0,0,0
"1464","Manipur","India",2020-03-19,0,0,0
"1465","Manipur","India",2020-03-20,0,0,0
"1466","Manipur","India",2020-03-21,0,0,0
"1467","Manipur","India",2020-03-22,0,0,0
"1468","Manipur","India",2020-03-23,0,0,0
"1469","Manipur","India",2020-03-24,1,0,0
"1470","Manipur","India",2020-03-25,1,0,0
"1471","Manipur","India",2020-03-26,1,0,0
"1472","Manipur","India",2020-03-27,1,0,0
"1473","Manipur","India",2020-03-28,1,0,0
"1474","Manipur","India",2020-03-29,1,0,0
"1475","Manipur","India",2020-03-30,1,0,0
"1476","Manipur","India",2020-03-31,1,0,0
"1477","Manipur","India",2020-04-01,1,0,0
"1478","Manipur","India",2020-04-02,1,0,0
"1479","Manipur","India",2020-04-03,2,0,0
"1480","Manipur","India",2020-04-04,2,0,0
"1481","Mizoram","India",2020-01-22,0,0,0
"1482","Mizoram","India",2020-01-23,0,0,0
"1483","Mizoram","India",2020-01-24,0,0,0
"1484","Mizoram","India",2020-01-25,0,0,0
"1485","Mizoram","India",2020-01-26,0,0,0
"1486","Mizoram","India",2020-01-27,0,0,0
"1487","Mizoram","India",2020-01-28,0,0,0
"1488","Mizoram","India",2020-01-29,0,0,0
"1489","Mizoram","India",2020-01-30,0,0,0
"1490","Mizoram","India",2020-01-31,0,0,0
"1491","Mizoram","India",2020-02-01,0,0,0
"1492","Mizoram","India",2020-02-02,0,0,0
"1493","Mizoram","India",2020-02-03,0,0,0
"1494","Mizoram","India",2020-02-04,0,0,0
"1495","Mizoram","India",2020-02-05,0,0,0
"1496","Mizoram","India",2020-02-06,0,0,0
"1497","Mizoram","India",2020-02-07,0,0,0
"1498","Mizoram","India",2020-02-08,0,0,0
"1499","Mizoram","India",2020-02-09,0,0,0
"1500","Mizoram","India",2020-02-10,0,0,0
"1501","Mizoram","India",2020-02-11,0,0,0
"1502","Mizoram","India",2020-02-12,0,0,0
"1503","Mizoram","India",2020-02-13,0,0,0
"1504","Mizoram","India",2020-02-14,0,0,0
"1505","Mizoram","India",2020-02-15,0,0,0
"1506","Mizoram","India",2020-02-16,0,0,0
"1507","Mizoram","India",2020-02-17,0,0,0
"1508","Mizoram","India",2020-02-18,0,0,0
"1509","Mizoram","India",2020-02-19,0,0,0
"1510","Mizoram","India",2020-02-20,0,0,0
"1511","Mizoram","India",2020-02-21,0,0,0
"1512","Mizoram","India",2020-02-22,0,0,0
"1513","Mizoram","India",2020-02-23,0,0,0
"1514","Mizoram","India",2020-02-24,0,0,0
"1515","Mizoram","India",2020-02-25,0,0,0
"1516","Mizoram","India",2020-02-26,0,0,0
"1517","Mizoram","India",2020-02-27,0,0,0
"1518","Mizoram","India",2020-02-28,0,0,0
"1519","Mizoram","India",2020-02-29,0,0,0
"1520","Mizoram","India",2020-03-01,0,0,0
"1521","Mizoram","India",2020-03-02,0,0,0
"1522","Mizoram","India",2020-03-03,0,0,0
"1523","Mizoram","India",2020-03-04,0,0,0
"1524","Mizoram","India",2020-03-05,0,0,0
"1525","Mizoram","India",2020-03-06,0,0,0
"1526","Mizoram","India",2020-03-07,0,0,0
"1527","Mizoram","India",2020-03-08,0,0,0
"1528","Mizoram","India",2020-03-09,0,0,0
"1529","Mizoram","India",2020-03-10,0,0,0
"1530","Mizoram","India",2020-03-11,0,0,0
"1531","Mizoram","India",2020-03-12,0,0,0
"1532","Mizoram","India",2020-03-13,0,0,0
"1533","Mizoram","India",2020-03-14,0,0,0
"1534","Mizoram","India",2020-03-15,0,0,0
"1535","Mizoram","India",2020-03-16,0,0,0
"1536","Mizoram","India",2020-03-17,0,0,0
"1537","Mizoram","India",2020-03-18,0,0,0
"1538","Mizoram","India",2020-03-19,0,0,0
"1539","Mizoram","India",2020-03-20,0,0,0
"1540","Mizoram","India",2020-03-21,0,0,0
"1541","Mizoram","India",2020-03-22,0,0,0
"1542","Mizoram","India",2020-03-23,0,0,0
"1543","Mizoram","India",2020-03-24,0,0,0
"1544","Mizoram","India",2020-03-25,1,0,0
"1545","Mizoram","India",2020-03-26,1,0,0
"1546","Mizoram","India",2020-03-27,1,0,0
"1547","Mizoram","India",2020-03-28,1,0,0
"1548","Mizoram","India",2020-03-29,1,0,0
"1549","Mizoram","India",2020-03-30,1,0,0
"1550","Mizoram","India",2020-03-31,1,0,0
"1551","Mizoram","India",2020-04-01,1,0,0
"1552","Mizoram","India",2020-04-02,1,0,0
"1553","Mizoram","India",2020-04-03,1,0,0
"1554","Mizoram","India",2020-04-04,1,0,0
"1555","Odisha","India",2020-01-22,0,0,0
"1556","Odisha","India",2020-01-23,0,0,0
"1557","Odisha","India",2020-01-24,0,0,0
"1558","Odisha","India",2020-01-25,0,0,0
"1559","Odisha","India",2020-01-26,0,0,0
"1560","Odisha","India",2020-01-27,0,0,0
"1561","Odisha","India",2020-01-28,0,0,0
"1562","Odisha","India",2020-01-29,0,0,0
"1563","Odisha","India",2020-01-30,0,0,0
"1564","Odisha","India",2020-01-31,0,0,0
"1565","Odisha","India",2020-02-01,0,0,0
"1566","Odisha","India",2020-02-02,0,0,0
"1567","Odisha","India",2020-02-03,0,0,0
"1568","Odisha","India",2020-02-04,0,0,0
"1569","Odisha","India",2020-02-05,0,0,0
"1570","Odisha","India",2020-02-06,0,0,0
"1571","Odisha","India",2020-02-07,0,0,0
"1572","Odisha","India",2020-02-08,0,0,0
"1573","Odisha","India",2020-02-09,0,0,0
"1574","Odisha","India",2020-02-10,0,0,0
"1575","Odisha","India",2020-02-11,0,0,0
"1576","Odisha","India",2020-02-12,0,0,0
"1577","Odisha","India",2020-02-13,0,0,0
"1578","Odisha","India",2020-02-14,0,0,0
"1579","Odisha","India",2020-02-15,0,0,0
"1580","Odisha","India",2020-02-16,0,0,0
"1581","Odisha","India",2020-02-17,0,0,0
"1582","Odisha","India",2020-02-18,0,0,0
"1583","Odisha","India",2020-02-19,0,0,0
"1584","Odisha","India",2020-02-20,0,0,0
"1585","Odisha","India",2020-02-21,0,0,0
"1586","Odisha","India",2020-02-22,0,0,0
"1587","Odisha","India",2020-02-23,0,0,0
"1588","Odisha","India",2020-02-24,0,0,0
"1589","Odisha","India",2020-02-25,0,0,0
"1590","Odisha","India",2020-02-26,0,0,0
"1591","Odisha","India",2020-02-27,0,0,0
"1592","Odisha","India",2020-02-28,0,0,0
"1593","Odisha","India",2020-02-29,0,0,0
"1594","Odisha","India",2020-03-01,0,0,0
"1595","Odisha","India",2020-03-02,0,0,0
"1596","Odisha","India",2020-03-03,0,0,0
"1597","Odisha","India",2020-03-04,0,0,0
"1598","Odisha","India",2020-03-05,0,0,0
"1599","Odisha","India",2020-03-06,0,0,0
"1600","Odisha","India",2020-03-07,0,0,0
"1601","Odisha","India",2020-03-08,0,0,0
"1602","Odisha","India",2020-03-09,0,0,0
"1603","Odisha","India",2020-03-10,0,0,0
"1604","Odisha","India",2020-03-11,0,0,0
"1605","Odisha","India",2020-03-12,0,0,0
"1606","Odisha","India",2020-03-13,0,0,0
"1607","Odisha","India",2020-03-14,0,0,0
"1608","Odisha","India",2020-03-15,0,0,0
"1609","Odisha","India",2020-03-16,1,0,0
"1610","Odisha","India",2020-03-17,1,0,0
"1611","Odisha","India",2020-03-18,1,0,0
"1612","Odisha","India",2020-03-19,1,0,0
"1613","Odisha","India",2020-03-20,2,0,0
"1614","Odisha","India",2020-03-21,2,0,0
"1615","Odisha","India",2020-03-22,2,0,0
"1616","Odisha","India",2020-03-23,2,0,0
"1617","Odisha","India",2020-03-24,2,0,0
"1618","Odisha","India",2020-03-25,2,0,0
"1619","Odisha","India",2020-03-26,2,0,0
"1620","Odisha","India",2020-03-27,2,0,0
"1621","Odisha","India",2020-03-28,3,0,0
"1622","Odisha","India",2020-03-29,3,0,0
"1623","Odisha","India",2020-03-30,3,0,0
"1624","Odisha","India",2020-03-31,3,0,0
"1625","Odisha","India",2020-04-01,4,0,0
"1626","Odisha","India",2020-04-02,4,0,0
"1627","Odisha","India",2020-04-03,5,0,0
"1628","Odisha","India",2020-04-04,5,0,0
"1629","Puducherry","India",2020-01-22,0,0,0
"1630","Puducherry","India",2020-01-23,0,0,0
"1631","Puducherry","India",2020-01-24,0,0,0
"1632","Puducherry","India",2020-01-25,0,0,0
"1633","Puducherry","India",2020-01-26,0,0,0
"1634","Puducherry","India",2020-01-27,0,0,0
"1635","Puducherry","India",2020-01-28,0,0,0
"1636","Puducherry","India",2020-01-29,0,0,0
"1637","Puducherry","India",2020-01-30,0,0,0
"1638","Puducherry","India",2020-01-31,0,0,0
"1639","Puducherry","India",2020-02-01,0,0,0
"1640","Puducherry","India",2020-02-02,0,0,0
"1641","Puducherry","India",2020-02-03,0,0,0
"1642","Puducherry","India",2020-02-04,0,0,0
"1643","Puducherry","India",2020-02-05,0,0,0
"1644","Puducherry","India",2020-02-06,0,0,0
"1645","Puducherry","India",2020-02-07,0,0,0
"1646","Puducherry","India",2020-02-08,0,0,0
"1647","Puducherry","India",2020-02-09,0,0,0
"1648","Puducherry","India",2020-02-10,0,0,0
"1649","Puducherry","India",2020-02-11,0,0,0
"1650","Puducherry","India",2020-02-12,0,0,0
"1651","Puducherry","India",2020-02-13,0,0,0
"1652","Puducherry","India",2020-02-14,0,0,0
"1653","Puducherry","India",2020-02-15,0,0,0
"1654","Puducherry","India",2020-02-16,0,0,0
"1655","Puducherry","India",2020-02-17,0,0,0
"1656","Puducherry","India",2020-02-18,0,0,0
"1657","Puducherry","India",2020-02-19,0,0,0
"1658","Puducherry","India",2020-02-20,0,0,0
"1659","Puducherry","India",2020-02-21,0,0,0
"1660","Puducherry","India",2020-02-22,0,0,0
"1661","Puducherry","India",2020-02-23,0,0,0
"1662","Puducherry","India",2020-02-24,0,0,0
"1663","Puducherry","India",2020-02-25,0,0,0
"1664","Puducherry","India",2020-02-26,0,0,0
"1665","Puducherry","India",2020-02-27,0,0,0
"1666","Puducherry","India",2020-02-28,0,0,0
"1667","Puducherry","India",2020-02-29,0,0,0
"1668","Puducherry","India",2020-03-01,0,0,0
"1669","Puducherry","India",2020-03-02,0,0,0
"1670","Puducherry","India",2020-03-03,0,0,0
"1671","Puducherry","India",2020-03-04,0,0,0
"1672","Puducherry","India",2020-03-05,0,0,0
"1673","Puducherry","India",2020-03-06,0,0,0
"1674","Puducherry","India",2020-03-07,0,0,0
"1675","Puducherry","India",2020-03-08,0,0,0
"1676","Puducherry","India",2020-03-09,0,0,0
"1677","Puducherry","India",2020-03-10,0,0,0
"1678","Puducherry","India",2020-03-11,0,0,0
"1679","Puducherry","India",2020-03-12,0,0,0
"1680","Puducherry","India",2020-03-13,0,0,0
"1681","Puducherry","India",2020-03-14,0,0,0
"1682","Puducherry","India",2020-03-15,0,0,0
"1683","Puducherry","India",2020-03-16,0,0,0
"1684","Puducherry","India",2020-03-17,0,0,0
"1685","Puducherry","India",2020-03-18,1,0,0
"1686","Puducherry","India",2020-03-19,1,0,0
"1687","Puducherry","India",2020-03-20,1,0,0
"1688","Puducherry","India",2020-03-21,1,0,0
"1689","Puducherry","India",2020-03-22,1,0,0
"1690","Puducherry","India",2020-03-23,1,0,0
"1691","Puducherry","India",2020-03-24,1,0,0
"1692","Puducherry","India",2020-03-25,1,0,0
"1693","Puducherry","India",2020-03-26,1,0,0
"1694","Puducherry","India",2020-03-27,1,0,0
"1695","Puducherry","India",2020-03-28,1,0,0
"1696","Puducherry","India",2020-03-29,1,0,0
"1697","Puducherry","India",2020-03-30,1,0,0
"1698","Puducherry","India",2020-03-31,1,0,0
"1699","Puducherry","India",2020-04-01,1,0,0
"1700","Puducherry","India",2020-04-02,3,1,0
"1701","Puducherry","India",2020-04-03,5,1,0
"1702","Puducherry","India",2020-04-04,5,1,0
"1703","Punjab","India",2020-01-22,0,0,0
"1704","Punjab","India",2020-01-23,0,0,0
"1705","Punjab","India",2020-01-24,0,0,0
"1706","Punjab","India",2020-01-25,0,0,0
"1707","Punjab","India",2020-01-26,0,0,0
"1708","Punjab","India",2020-01-27,0,0,0
"1709","Punjab","India",2020-01-28,0,0,0
"1710","Punjab","India",2020-01-29,0,0,0
"1711","Punjab","India",2020-01-30,0,0,0
"1712","Punjab","India",2020-01-31,0,0,0
"1713","Punjab","India",2020-02-01,0,0,0
"1714","Punjab","India",2020-02-02,0,0,0
"1715","Punjab","India",2020-02-03,0,0,0
"1716","Punjab","India",2020-02-04,0,0,0
"1717","Punjab","India",2020-02-05,0,0,0
"1718","Punjab","India",2020-02-06,0,0,0
"1719","Punjab","India",2020-02-07,0,0,0
"1720","Punjab","India",2020-02-08,0,0,0
"1721","Punjab","India",2020-02-09,0,0,0
"1722","Punjab","India",2020-02-10,0,0,0
"1723","Punjab","India",2020-02-11,0,0,0
"1724","Punjab","India",2020-02-12,0,0,0
"1725","Punjab","India",2020-02-13,0,0,0
"1726","Punjab","India",2020-02-14,0,0,0
"1727","Punjab","India",2020-02-15,0,0,0
"1728","Punjab","India",2020-02-16,0,0,0
"1729","Punjab","India",2020-02-17,0,0,0
"1730","Punjab","India",2020-02-18,0,0,0
"1731","Punjab","India",2020-02-19,0,0,0
"1732","Punjab","India",2020-02-20,0,0,0
"1733","Punjab","India",2020-02-21,0,0,0
"1734","Punjab","India",2020-02-22,0,0,0
"1735","Punjab","India",2020-02-23,0,0,0
"1736","Punjab","India",2020-02-24,0,0,0
"1737","Punjab","India",2020-02-25,0,0,0
"1738","Punjab","India",2020-02-26,0,0,0
"1739","Punjab","India",2020-02-27,0,0,0
"1740","Punjab","India",2020-02-28,0,0,0
"1741","Punjab","India",2020-02-29,0,0,0
"1742","Punjab","India",2020-03-01,0,0,0
"1743","Punjab","India",2020-03-02,0,0,0
"1744","Punjab","India",2020-03-03,0,0,0
"1745","Punjab","India",2020-03-04,0,0,0
"1746","Punjab","India",2020-03-05,0,0,0
"1747","Punjab","India",2020-03-06,0,0,0
"1748","Punjab","India",2020-03-07,0,0,0
"1749","Punjab","India",2020-03-08,0,0,0
"1750","Punjab","India",2020-03-09,1,0,0
"1751","Punjab","India",2020-03-10,1,0,0
"1752","Punjab","India",2020-03-11,1,0,0
"1753","Punjab","India",2020-03-12,1,0,0
"1754","Punjab","India",2020-03-13,1,0,0
"1755","Punjab","India",2020-03-14,1,0,0
"1756","Punjab","India",2020-03-15,1,0,0
"1757","Punjab","India",2020-03-16,1,0,0
"1758","Punjab","India",2020-03-17,1,0,0
"1759","Punjab","India",2020-03-18,1,0,0
"1760","Punjab","India",2020-03-19,2,0,1
"1761","Punjab","India",2020-03-20,2,0,1
"1762","Punjab","India",2020-03-21,13,0,1
"1763","Punjab","India",2020-03-22,21,0,1
"1764","Punjab","India",2020-03-23,21,0,1
"1765","Punjab","India",2020-03-24,29,0,1
"1766","Punjab","India",2020-03-25,29,0,1
"1767","Punjab","India",2020-03-26,33,0,1
"1768","Punjab","India",2020-03-27,33,0,1
"1769","Punjab","India",2020-03-28,38,1,1
"1770","Punjab","India",2020-03-29,38,1,1
"1771","Punjab","India",2020-03-30,38,1,1
"1772","Punjab","India",2020-03-31,41,1,3
"1773","Punjab","India",2020-04-01,41,1,3
"1774","Punjab","India",2020-04-02,46,1,4
"1775","Punjab","India",2020-04-03,48,1,5
"1776","Punjab","India",2020-04-04,57,1,5
"1777","Rajasthan","India",2020-01-22,0,0,0
"1778","Rajasthan","India",2020-01-23,0,0,0
"1779","Rajasthan","India",2020-01-24,0,0,0
"1780","Rajasthan","India",2020-01-25,0,0,0
"1781","Rajasthan","India",2020-01-26,0,0,0
"1782","Rajasthan","India",2020-01-27,0,0,0
"1783","Rajasthan","India",2020-01-28,0,0,0
"1784","Rajasthan","India",2020-01-29,0,0,0
"1785","Rajasthan","India",2020-01-30,0,0,0
"1786","Rajasthan","India",2020-01-31,0,0,0
"1787","Rajasthan","India",2020-02-01,0,0,0
"1788","Rajasthan","India",2020-02-02,0,0,0
"1789","Rajasthan","India",2020-02-03,0,0,0
"1790","Rajasthan","India",2020-02-04,0,0,0
"1791","Rajasthan","India",2020-02-05,0,0,0
"1792","Rajasthan","India",2020-02-06,0,0,0
"1793","Rajasthan","India",2020-02-07,0,0,0
"1794","Rajasthan","India",2020-02-08,0,0,0
"1795","Rajasthan","India",2020-02-09,0,0,0
"1796","Rajasthan","India",2020-02-10,0,0,0
"1797","Rajasthan","India",2020-02-11,0,0,0
"1798","Rajasthan","India",2020-02-12,0,0,0
"1799","Rajasthan","India",2020-02-13,0,0,0
"1800","Rajasthan","India",2020-02-14,0,0,0
"1801","Rajasthan","India",2020-02-15,0,0,0
"1802","Rajasthan","India",2020-02-16,0,0,0
"1803","Rajasthan","India",2020-02-17,0,0,0
"1804","Rajasthan","India",2020-02-18,0,0,0
"1805","Rajasthan","India",2020-02-19,0,0,0
"1806","Rajasthan","India",2020-02-20,0,0,0
"1807","Rajasthan","India",2020-02-21,0,0,0
"1808","Rajasthan","India",2020-02-22,0,0,0
"1809","Rajasthan","India",2020-02-23,0,0,0
"1810","Rajasthan","India",2020-02-24,0,0,0
"1811","Rajasthan","India",2020-02-25,0,0,0
"1812","Rajasthan","India",2020-02-26,0,0,0
"1813","Rajasthan","India",2020-02-27,0,0,0
"1814","Rajasthan","India",2020-02-28,0,0,0
"1815","Rajasthan","India",2020-02-29,0,0,0
"1816","Rajasthan","India",2020-03-01,0,0,0
"1817","Rajasthan","India",2020-03-02,0,0,0
"1818","Rajasthan","India",2020-03-03,1,0,0
"1819","Rajasthan","India",2020-03-04,3,0,0
"1820","Rajasthan","India",2020-03-05,3,0,0
"1821","Rajasthan","India",2020-03-06,3,0,0
"1822","Rajasthan","India",2020-03-07,3,0,0
"1823","Rajasthan","India",2020-03-08,3,0,0
"1824","Rajasthan","India",2020-03-09,3,0,0
"1825","Rajasthan","India",2020-03-10,3,0,0
"1826","Rajasthan","India",2020-03-11,3,0,0
"1827","Rajasthan","India",2020-03-12,3,0,0
"1828","Rajasthan","India",2020-03-13,3,0,0
"1829","Rajasthan","India",2020-03-14,3,1,0
"1830","Rajasthan","India",2020-03-15,4,3,0
"1831","Rajasthan","India",2020-03-16,4,3,0
"1832","Rajasthan","India",2020-03-17,4,3,0
"1833","Rajasthan","India",2020-03-18,4,3,0
"1834","Rajasthan","India",2020-03-19,7,3,0
"1835","Rajasthan","India",2020-03-20,17,3,0
"1836","Rajasthan","India",2020-03-21,17,3,0
"1837","Rajasthan","India",2020-03-22,24,3,0
"1838","Rajasthan","India",2020-03-23,28,3,0
"1839","Rajasthan","India",2020-03-24,32,3,0
"1840","Rajasthan","India",2020-03-25,36,3,0
"1841","Rajasthan","India",2020-03-26,41,3,0
"1842","Rajasthan","India",2020-03-27,41,3,0
"1843","Rajasthan","India",2020-03-28,54,3,0
"1844","Rajasthan","India",2020-03-29,55,3,0
"1845","Rajasthan","India",2020-03-30,57,3,0
"1846","Rajasthan","India",2020-03-31,74,3,0
"1847","Rajasthan","India",2020-04-01,93,3,0
"1848","Rajasthan","India",2020-04-02,108,3,0
"1849","Rajasthan","India",2020-04-03,167,3,0
"1850","Rajasthan","India",2020-04-04,200,21,0
"1851","Tamil Nadu","India",2020-01-22,0,0,0
"1852","Tamil Nadu","India",2020-01-23,0,0,0
"1853","Tamil Nadu","India",2020-01-24,0,0,0
"1854","Tamil Nadu","India",2020-01-25,0,0,0
"1855","Tamil Nadu","India",2020-01-26,0,0,0
"1856","Tamil Nadu","India",2020-01-27,0,0,0
"1857","Tamil Nadu","India",2020-01-28,0,0,0
"1858","Tamil Nadu","India",2020-01-29,0,0,0
"1859","Tamil Nadu","India",2020-01-30,0,0,0
"1860","Tamil Nadu","India",2020-01-31,0,0,0
"1861","Tamil Nadu","India",2020-02-01,0,0,0
"1862","Tamil Nadu","India",2020-02-02,0,0,0
"1863","Tamil Nadu","India",2020-02-03,0,0,0
"1864","Tamil Nadu","India",2020-02-04,0,0,0
"1865","Tamil Nadu","India",2020-02-05,0,0,0
"1866","Tamil Nadu","India",2020-02-06,0,0,0
"1867","Tamil Nadu","India",2020-02-07,0,0,0
"1868","Tamil Nadu","India",2020-02-08,0,0,0
"1869","Tamil Nadu","India",2020-02-09,0,0,0
"1870","Tamil Nadu","India",2020-02-10,0,0,0
"1871","Tamil Nadu","India",2020-02-11,0,0,0
"1872","Tamil Nadu","India",2020-02-12,0,0,0
"1873","Tamil Nadu","India",2020-02-13,0,0,0
"1874","Tamil Nadu","India",2020-02-14,0,0,0
"1875","Tamil Nadu","India",2020-02-15,0,0,0
"1876","Tamil Nadu","India",2020-02-16,0,0,0
"1877","Tamil Nadu","India",2020-02-17,0,0,0
"1878","Tamil Nadu","India",2020-02-18,0,0,0
"1879","Tamil Nadu","India",2020-02-19,0,0,0
"1880","Tamil Nadu","India",2020-02-20,0,0,0
"1881","Tamil Nadu","India",2020-02-21,0,0,0
"1882","Tamil Nadu","India",2020-02-22,0,0,0
"1883","Tamil Nadu","India",2020-02-23,0,0,0
"1884","Tamil Nadu","India",2020-02-24,0,0,0
"1885","Tamil Nadu","India",2020-02-25,0,0,0
"1886","Tamil Nadu","India",2020-02-26,0,0,0
"1887","Tamil Nadu","India",2020-02-27,0,0,0
"1888","Tamil Nadu","India",2020-02-28,0,0,0
"1889","Tamil Nadu","India",2020-02-29,0,0,0
"1890","Tamil Nadu","India",2020-03-01,0,0,0
"1891","Tamil Nadu","India",2020-03-02,0,0,0
"1892","Tamil Nadu","India",2020-03-03,0,0,0
"1893","Tamil Nadu","India",2020-03-04,0,0,0
"1894","Tamil Nadu","India",2020-03-05,0,0,0
"1895","Tamil Nadu","India",2020-03-06,0,0,0
"1896","Tamil Nadu","India",2020-03-07,1,0,0
"1897","Tamil Nadu","India",2020-03-08,1,0,0
"1898","Tamil Nadu","India",2020-03-09,1,0,0
"1899","Tamil Nadu","India",2020-03-10,1,0,0
"1900","Tamil Nadu","India",2020-03-11,1,0,0
"1901","Tamil Nadu","India",2020-03-12,1,0,0
"1902","Tamil Nadu","India",2020-03-13,1,0,0
"1903","Tamil Nadu","India",2020-03-14,1,0,0
"1904","Tamil Nadu","India",2020-03-15,1,0,0
"1905","Tamil Nadu","India",2020-03-16,1,0,0
"1906","Tamil Nadu","India",2020-03-17,1,0,0
"1907","Tamil Nadu","India",2020-03-18,1,0,0
"1908","Tamil Nadu","India",2020-03-19,2,1,0
"1909","Tamil Nadu","India",2020-03-20,3,1,0
"1910","Tamil Nadu","India",2020-03-21,3,1,0
"1911","Tamil Nadu","India",2020-03-22,7,1,0
"1912","Tamil Nadu","India",2020-03-23,9,1,0
"1913","Tamil Nadu","India",2020-03-24,15,1,0
"1914","Tamil Nadu","India",2020-03-25,18,1,0
"1915","Tamil Nadu","India",2020-03-26,26,1,1
"1916","Tamil Nadu","India",2020-03-27,29,1,1
"1917","Tamil Nadu","India",2020-03-28,40,2,1
"1918","Tamil Nadu","India",2020-03-29,49,4,1
"1919","Tamil Nadu","India",2020-03-30,50,4,1
"1920","Tamil Nadu","India",2020-03-31,74,4,1
"1921","Tamil Nadu","India",2020-04-01,124,4,1
"1922","Tamil Nadu","India",2020-04-02,234,6,1
"1923","Tamil Nadu","India",2020-04-03,309,6,1
"1924","Tamil Nadu","India",2020-04-04,411,6,2
"1925","Telengana","India",2020-01-22,0,0,0
"1926","Telengana","India",2020-01-23,0,0,0
"1927","Telengana","India",2020-01-24,0,0,0
"1928","Telengana","India",2020-01-25,0,0,0
"1929","Telengana","India",2020-01-26,0,0,0
"1930","Telengana","India",2020-01-27,0,0,0
"1931","Telengana","India",2020-01-28,0,0,0
"1932","Telengana","India",2020-01-29,0,0,0
"1933","Telengana","India",2020-01-30,0,0,0
"1934","Telengana","India",2020-01-31,0,0,0
"1935","Telengana","India",2020-02-01,0,0,0
"1936","Telengana","India",2020-02-02,0,0,0
"1937","Telengana","India",2020-02-03,0,0,0
"1938","Telengana","India",2020-02-04,0,0,0
"1939","Telengana","India",2020-02-05,0,0,0
"1940","Telengana","India",2020-02-06,0,0,0
"1941","Telengana","India",2020-02-07,0,0,0
"1942","Telengana","India",2020-02-08,0,0,0
"1943","Telengana","India",2020-02-09,0,0,0
"1944","Telengana","India",2020-02-10,0,0,0
"1945","Telengana","India",2020-02-11,0,0,0
"1946","Telengana","India",2020-02-12,0,0,0
"1947","Telengana","India",2020-02-13,0,0,0
"1948","Telengana","India",2020-02-14,0,0,0
"1949","Telengana","India",2020-02-15,0,0,0
"1950","Telengana","India",2020-02-16,0,0,0
"1951","Telengana","India",2020-02-17,0,0,0
"1952","Telengana","India",2020-02-18,0,0,0
"1953","Telengana","India",2020-02-19,0,0,0
"1954","Telengana","India",2020-02-20,0,0,0
"1955","Telengana","India",2020-02-21,0,0,0
"1956","Telengana","India",2020-02-22,0,0,0
"1957","Telengana","India",2020-02-23,0,0,0
"1958","Telengana","India",2020-02-24,0,0,0
"1959","Telengana","India",2020-02-25,0,0,0
"1960","Telengana","India",2020-02-26,0,0,0
"1961","Telengana","India",2020-02-27,0,0,0
"1962","Telengana","India",2020-02-28,0,0,0
"1963","Telengana","India",2020-02-29,0,0,0
"1964","Telengana","India",2020-03-01,0,0,0
"1965","Telengana","India",2020-03-02,1,0,0
"1966","Telengana","India",2020-03-03,1,0,0
"1967","Telengana","India",2020-03-04,1,0,0
"1968","Telengana","India",2020-03-05,1,0,0
"1969","Telengana","India",2020-03-06,1,0,0
"1970","Telengana","India",2020-03-07,1,0,0
"1971","Telengana","India",2020-03-08,1,0,0
"1972","Telengana","India",2020-03-09,1,0,0
"1973","Telengana","India",2020-03-10,1,0,0
"1974","Telengana","India",2020-03-11,1,0,0
"1975","Telengana","India",2020-03-12,1,0,0
"1976","Telengana","India",2020-03-13,1,0,0
"1977","Telengana","India",2020-03-14,1,0,0
"1978","Telengana","India",2020-03-15,3,1,0
"1979","Telengana","India",2020-03-16,3,1,0
"1980","Telengana","India",2020-03-17,5,1,0
"1981","Telengana","India",2020-03-18,6,1,0
"1982","Telengana","India",2020-03-19,6,1,0
"1983","Telengana","India",2020-03-20,17,1,0
"1984","Telengana","India",2020-03-21,21,1,0
"1985","Telengana","India",2020-03-22,22,1,0
"1986","Telengana","India",2020-03-23,32,1,0
"1987","Telengana","India",2020-03-24,35,1,0
"1988","Telengana","India",2020-03-25,35,1,0
"1989","Telengana","India",2020-03-26,44,1,0
"1990","Telengana","India",2020-03-27,45,1,0
"1991","Telengana","India",2020-03-28,56,1,0
"1992","Telengana","India",2020-03-29,66,1,1
"1993","Telengana","India",2020-03-30,69,1,1
"1994","Telengana","India",2020-03-31,79,1,1
"1995","Telengana","India",2020-04-01,94,1,3
"1996","Telengana","India",2020-04-02,107,1,3
"1997","Telengana","India",2020-04-03,158,1,7
"1998","Telengana","India",2020-04-04,159,1,7
"1999","Uttar Pradesh","India",2020-01-22,0,0,0
"2000","Uttar Pradesh","India",2020-01-23,0,0,0
"2001","Uttar Pradesh","India",2020-01-24,0,0,0
"2002","Uttar Pradesh","India",2020-01-25,0,0,0
"2003","Uttar Pradesh","India",2020-01-26,0,0,0
"2004","Uttar Pradesh","India",2020-01-27,0,0,0
"2005","Uttar Pradesh","India",2020-01-28,0,0,0
"2006","Uttar Pradesh","India",2020-01-29,0,0,0
"2007","Uttar Pradesh","India",2020-01-30,0,0,0
"2008","Uttar Pradesh","India",2020-01-31,0,0,0
"2009","Uttar Pradesh","India",2020-02-01,0,0,0
"2010","Uttar Pradesh","India",2020-02-02,0,0,0
"2011","Uttar Pradesh","India",2020-02-03,0,0,0
"2012","Uttar Pradesh","India",2020-02-04,0,0,0
"2013","Uttar Pradesh","India",2020-02-05,0,0,0
"2014","Uttar Pradesh","India",2020-02-06,0,0,0
"2015","Uttar Pradesh","India",2020-02-07,0,0,0
"2016","Uttar Pradesh","India",2020-02-08,0,0,0
"2017","Uttar Pradesh","India",2020-02-09,0,0,0
"2018","Uttar Pradesh","India",2020-02-10,0,0,0
"2019","Uttar Pradesh","India",2020-02-11,0,0,0
"2020","Uttar Pradesh","India",2020-02-12,0,0,0
"2021","Uttar Pradesh","India",2020-02-13,0,0,0
"2022","Uttar Pradesh","India",2020-02-14,0,0,0
"2023","Uttar Pradesh","India",2020-02-15,0,0,0
"2024","Uttar Pradesh","India",2020-02-16,0,0,0
"2025","Uttar Pradesh","India",2020-02-17,0,0,0
"2026","Uttar Pradesh","India",2020-02-18,0,0,0
"2027","Uttar Pradesh","India",2020-02-19,0,0,0
"2028","Uttar Pradesh","India",2020-02-20,0,0,0
"2029","Uttar Pradesh","India",2020-02-21,0,0,0
"2030","Uttar Pradesh","India",2020-02-22,0,0,0
"2031","Uttar Pradesh","India",2020-02-23,0,0,0
"2032","Uttar Pradesh","India",2020-02-24,0,0,0
"2033","Uttar Pradesh","India",2020-02-25,0,0,0
"2034","Uttar Pradesh","India",2020-02-26,0,0,0
"2035","Uttar Pradesh","India",2020-02-27,0,0,0
"2036","Uttar Pradesh","India",2020-02-28,0,0,0
"2037","Uttar Pradesh","India",2020-02-29,0,0,0
"2038","Uttar Pradesh","India",2020-03-01,0,0,0
"2039","Uttar Pradesh","India",2020-03-02,0,0,0
"2040","Uttar Pradesh","India",2020-03-03,0,0,0
"2041","Uttar Pradesh","India",2020-03-04,6,0,0
"2042","Uttar Pradesh","India",2020-03-05,7,0,0
"2043","Uttar Pradesh","India",2020-03-06,7,0,0
"2044","Uttar Pradesh","India",2020-03-07,7,0,0
"2045","Uttar Pradesh","India",2020-03-08,7,0,0
"2046","Uttar Pradesh","India",2020-03-09,7,0,0
"2047","Uttar Pradesh","India",2020-03-10,7,0,0
"2048","Uttar Pradesh","India",2020-03-11,9,0,0
"2049","Uttar Pradesh","India",2020-03-12,11,0,0
"2050","Uttar Pradesh","India",2020-03-13,11,0,0
"2051","Uttar Pradesh","India",2020-03-14,12,5,0
"2052","Uttar Pradesh","India",2020-03-15,13,5,0
"2053","Uttar Pradesh","India",2020-03-16,13,5,0
"2054","Uttar Pradesh","India",2020-03-17,15,5,0
"2055","Uttar Pradesh","India",2020-03-18,16,5,0
"2056","Uttar Pradesh","India",2020-03-19,19,9,0
"2057","Uttar Pradesh","India",2020-03-20,23,9,0
"2058","Uttar Pradesh","India",2020-03-21,24,9,0
"2059","Uttar Pradesh","India",2020-03-22,27,9,0
"2060","Uttar Pradesh","India",2020-03-23,31,9,0
"2061","Uttar Pradesh","India",2020-03-24,33,11,0
"2062","Uttar Pradesh","India",2020-03-25,37,11,0
"2063","Uttar Pradesh","India",2020-03-26,41,11,0
"2064","Uttar Pradesh","India",2020-03-27,41,11,0
"2065","Uttar Pradesh","India",2020-03-28,55,11,0
"2066","Uttar Pradesh","India",2020-03-29,65,11,0
"2067","Uttar Pradesh","India",2020-03-30,75,11,0
"2068","Uttar Pradesh","India",2020-03-31,101,14,0
"2069","Uttar Pradesh","India",2020-04-01,103,14,0
"2070","Uttar Pradesh","India",2020-04-02,113,14,2
"2071","Uttar Pradesh","India",2020-04-03,172,14,2
"2072","Uttar Pradesh","India",2020-04-04,174,19,2
"2073","Uttarakhand","India",2020-01-22,0,0,0
"2074","Uttarakhand","India",2020-01-23,0,0,0
"2075","Uttarakhand","India",2020-01-24,0,0,0
"2076","Uttarakhand","India",2020-01-25,0,0,0
"2077","Uttarakhand","India",2020-01-26,0,0,0
"2078","Uttarakhand","India",2020-01-27,0,0,0
"2079","Uttarakhand","India",2020-01-28,0,0,0
"2080","Uttarakhand","India",2020-01-29,0,0,0
"2081","Uttarakhand","India",2020-01-30,0,0,0
"2082","Uttarakhand","India",2020-01-31,0,0,0
"2083","Uttarakhand","India",2020-02-01,0,0,0
"2084","Uttarakhand","India",2020-02-02,0,0,0
"2085","Uttarakhand","India",2020-02-03,0,0,0
"2086","Uttarakhand","India",2020-02-04,0,0,0
"2087","Uttarakhand","India",2020-02-05,0,0,0
"2088","Uttarakhand","India",2020-02-06,0,0,0
"2089","Uttarakhand","India",2020-02-07,0,0,0
"2090","Uttarakhand","India",2020-02-08,0,0,0
"2091","Uttarakhand","India",2020-02-09,0,0,0
"2092","Uttarakhand","India",2020-02-10,0,0,0
"2093","Uttarakhand","India",2020-02-11,0,0,0
"2094","Uttarakhand","India",2020-02-12,0,0,0
"2095","Uttarakhand","India",2020-02-13,0,0,0
"2096","Uttarakhand","India",2020-02-14,0,0,0
"2097","Uttarakhand","India",2020-02-15,0,0,0
"2098","Uttarakhand","India",2020-02-16,0,0,0
"2099","Uttarakhand","India",2020-02-17,0,0,0
"2100","Uttarakhand","India",2020-02-18,0,0,0
"2101","Uttarakhand","India",2020-02-19,0,0,0
"2102","Uttarakhand","India",2020-02-20,0,0,0
"2103","Uttarakhand","India",2020-02-21,0,0,0
"2104","Uttarakhand","India",2020-02-22,0,0,0
"2105","Uttarakhand","India",2020-02-23,0,0,0
"2106","Uttarakhand","India",2020-02-24,0,0,0
"2107","Uttarakhand","India",2020-02-25,0,0,0
"2108","Uttarakhand","India",2020-02-26,0,0,0
"2109","Uttarakhand","India",2020-02-27,0,0,0
"2110","Uttarakhand","India",2020-02-28,0,0,0
"2111","Uttarakhand","India",2020-02-29,0,0,0
"2112","Uttarakhand","India",2020-03-01,0,0,0
"2113","Uttarakhand","India",2020-03-02,0,0,0
"2114","Uttarakhand","India",2020-03-03,0,0,0
"2115","Uttarakhand","India",2020-03-04,0,0,0
"2116","Uttarakhand","India",2020-03-05,0,0,0
"2117","Uttarakhand","India",2020-03-06,0,0,0
"2118","Uttarakhand","India",2020-03-07,0,0,0
"2119","Uttarakhand","India",2020-03-08,0,0,0
"2120","Uttarakhand","India",2020-03-09,0,0,0
"2121","Uttarakhand","India",2020-03-10,0,0,0
"2122","Uttarakhand","India",2020-03-11,0,0,0
"2123","Uttarakhand","India",2020-03-12,0,0,0
"2124","Uttarakhand","India",2020-03-13,0,0,0
"2125","Uttarakhand","India",2020-03-14,0,0,0
"2126","Uttarakhand","India",2020-03-15,1,0,0
"2127","Uttarakhand","India",2020-03-16,1,0,0
"2128","Uttarakhand","India",2020-03-17,1,0,0
"2129","Uttarakhand","India",2020-03-18,1,0,0
"2130","Uttarakhand","India",2020-03-19,1,0,0
"2131","Uttarakhand","India",2020-03-20,3,0,0
"2132","Uttarakhand","India",2020-03-21,3,0,0
"2133","Uttarakhand","India",2020-03-22,3,0,0
"2134","Uttarakhand","India",2020-03-23,3,0,0
"2135","Uttarakhand","India",2020-03-24,4,0,0
"2136","Uttarakhand","India",2020-03-25,4,0,0
"2137","Uttarakhand","India",2020-03-26,5,0,0
"2138","Uttarakhand","India",2020-03-27,5,0,0
"2139","Uttarakhand","India",2020-03-28,5,0,0
"2140","Uttarakhand","India",2020-03-29,7,2,0
"2141","Uttarakhand","India",2020-03-30,7,2,0
"2142","Uttarakhand","India",2020-03-31,7,2,0
"2143","Uttarakhand","India",2020-04-01,7,2,0
"2144","Uttarakhand","India",2020-04-02,7,2,0
"2145","Uttarakhand","India",2020-04-03,10,2,0
"2146","Uttarakhand","India",2020-04-04,16,2,0
"2147","West Bengal","India",2020-01-22,0,0,0
"2148","West Bengal","India",2020-01-23,0,0,0
"2149","West Bengal","India",2020-01-24,0,0,0
"2150","West Bengal","India",2020-01-25,0,0,0
"2151","West Bengal","India",2020-01-26,0,0,0
"2152","West Bengal","India",2020-01-27,0,0,0
"2153","West Bengal","India",2020-01-28,0,0,0
"2154","West Bengal","India",2020-01-29,0,0,0
"2155","West Bengal","India",2020-01-30,0,0,0
"2156","West Bengal","India",2020-01-31,0,0,0
"2157","West Bengal","India",2020-02-01,0,0,0
"2158","West Bengal","India",2020-02-02,0,0,0
"2159","West Bengal","India",2020-02-03,0,0,0
"2160","West Bengal","India",2020-02-04,0,0,0
"2161","West Bengal","India",2020-02-05,0,0,0
"2162","West Bengal","India",2020-02-06,0,0,0
"2163","West Bengal","India",2020-02-07,0,0,0
"2164","West Bengal","India",2020-02-08,0,0,0
"2165","West Bengal","India",2020-02-09,0,0,0
"2166","West Bengal","India",2020-02-10,0,0,0
"2167","West Bengal","India",2020-02-11,0,0,0
"2168","West Bengal","India",2020-02-12,0,0,0
"2169","West Bengal","India",2020-02-13,0,0,0
"2170","West Bengal","India",2020-02-14,0,0,0
"2171","West Bengal","India",2020-02-15,0,0,0
"2172","West Bengal","India",2020-02-16,0,0,0
"2173","West Bengal","India",2020-02-17,0,0,0
"2174","West Bengal","India",2020-02-18,0,0,0
"2175","West Bengal","India",2020-02-19,0,0,0
"2176","West Bengal","India",2020-02-20,0,0,0
"2177","West Bengal","India",2020-02-21,0,0,0
"2178","West Bengal","India",2020-02-22,0,0,0
"2179","West Bengal","India",2020-02-23,0,0,0
"2180","West Bengal","India",2020-02-24,0,0,0
"2181","West Bengal","India",2020-02-25,0,0,0
"2182","West Bengal","India",2020-02-26,0,0,0
"2183","West Bengal","India",2020-02-27,0,0,0
"2184","West Bengal","India",2020-02-28,0,0,0
"2185","West Bengal","India",2020-02-29,0,0,0
"2186","West Bengal","India",2020-03-01,0,0,0
"2187","West Bengal","India",2020-03-02,0,0,0
"2188","West Bengal","India",2020-03-03,0,0,0
"2189","West Bengal","India",2020-03-04,0,0,0
"2190","West Bengal","India",2020-03-05,0,0,0
"2191","West Bengal","India",2020-03-06,0,0,0
"2192","West Bengal","India",2020-03-07,0,0,0
"2193","West Bengal","India",2020-03-08,0,0,0
"2194","West Bengal","India",2020-03-09,0,0,0
"2195","West Bengal","India",2020-03-10,0,0,0
"2196","West Bengal","India",2020-03-11,0,0,0
"2197","West Bengal","India",2020-03-12,0,0,0
"2198","West Bengal","India",2020-03-13,0,0,0
"2199","West Bengal","India",2020-03-14,0,0,0
"2200","West Bengal","India",2020-03-15,0,0,0
"2201","West Bengal","India",2020-03-16,0,0,0
"2202","West Bengal","India",2020-03-17,0,0,0
"2203","West Bengal","India",2020-03-18,1,0,0
"2204","West Bengal","India",2020-03-19,1,0,0
"2205","West Bengal","India",2020-03-20,2,0,0
"2206","West Bengal","India",2020-03-21,3,0,0
"2207","West Bengal","India",2020-03-22,4,0,0
"2208","West Bengal","India",2020-03-23,7,0,1
"2209","West Bengal","India",2020-03-24,9,0,1
"2210","West Bengal","India",2020-03-25,9,0,1
"2211","West Bengal","India",2020-03-26,10,0,1
"2212","West Bengal","India",2020-03-27,10,0,1
"2213","West Bengal","India",2020-03-28,15,0,1
"2214","West Bengal","India",2020-03-29,18,0,1
"2215","West Bengal","India",2020-03-30,19,0,1
"2216","West Bengal","India",2020-03-31,26,0,2
"2217","West Bengal","India",2020-04-01,26,0,2
"2218","West Bengal","India",2020-04-02,53,6,3
"2219","West Bengal","India",2020-04-03,63,3,3
"2220","West Bengal","India",2020-04-04,69,3,3
